"Slider.v1.0.20c","Unity.v2022.3.62f3","(file format explainer)->","Localization files are formatted like CSV so they can be easily edited,
however formatting has strict rules for easy parsing. Most of these rules
are already handled by Excel / Libre / etc., so you don't have to worry
about them in normal usage. However, if your localization file seems to
be corrupted, these rules may be helpful for debugging purposes...
- The first 4 rows can be arbitrarily long
  - The first cell of first row is used to store this block of instruction
    text
  - The first 3 cells of the fourth row is used as headers
  - All other cells in the first and fourth rows are ignored
  - Columns in the second row alternate between property and value (ex.
    ' foo | 1 | bar | 3.5 | ... '
    - Any whitespaces before and after the property name are ignored
  - Columns in the third row are exclusively comments for properties in the
    second row
- Every following line can include any number of cells, but only the
  first four will be parsed (you can use the rest as comments if needed)
  - The fourth column is an optional metadata column
",
"IsValid","","NonDialogueFontScale","","DialogueFontScale","","Author","","DisplayName","",
"Set to 1 allow the parser to read this file, otherwise it will be skipped and the default English localization will be used as fallback","","Float value that scales font size of all non-dialogue text, 1.0 for full size.","","Float value that scales font size of all dialogue text, 1.0 for full size.","","The author(s) of this file, will appear in credits","","Use as the display name when the locale is being selected from the main menu. Note the folder name must be ASCII or else XBox will be very angry.","",
"Path","Orig","Translation","Metadata",
"Magitech Hints@0","Hold <AltViewHold> to view the past","按<AltViewHold>回望过去","",
"Map/EightPuzzle/MagitechSTile (1) Past/Objects/Portal Operator 1@0:0","Hey what are you- wait, you're the person with all the magical artifacts!","什么东西-等等,你是那个带着[魔法宝物]的人!","",
"Map/EightPuzzle/MagitechSTile (1) Past/Objects/Portal Operator 1@0:1","Perfect! You have that <#2e44f0>Anchor</color>, right? I've been writing my thesis on how it affects time and space!","你不会正好带着那个<#2e44f0>船锚</color>吧?我正在研究它和[时间与空间]的联系!","",
"Map/EightPuzzle/MagitechSTile (1) Past/Objects/Portal Operator 1@1:0","I theorize that with the <#2e44f0>Anchor</color> artifact, we might be capable of separating timelines.","我的理论是:被<#2e44f0>船锚</color>定住的区域可以在[时间线迁移]中保持静止,而我们可以用这个性质来分离出[另一个时间线]来.","",
"Map/EightPuzzle/MagitechSTile (1) Past/Objects/Portal Operator 1@1:1","Or more specifically, creating a <#c060c0><wavy>desync</wavy></color>!","更确切地说,它可以引起<#c060c0><wavy>时间分裂</wavy></color>.","",
"Map/EightPuzzle/MagitechSTile (1) Past/Objects/Portal Operator 1@2:0","Fascinating! <#c060c0><wavy>Desyncs</wavy></color>! I need to start writing my papers write away.","<#c060c0><wavy>时间分裂</wavy></color>!--这是个好名字,我要赶紧记在论文草稿里!","",
"Map/EightPuzzle/MagitechSTile (1) Past/Objects/Portal Operator 1@2:1","There's so much possible with these.","这种现象一定会很有用.","",
"Map/EightPuzzle/MagitechSTile (1) Past/Objects/Portal Operator 1@3:0","Is this what it feels like?! A <#c060c0><wavy>desync</wavy></color>!","我能感觉到<#c060c0><wavy>时间分裂</wavy></color>!","",
"Map/EightPuzzle/MagitechSTile (1) Past/Objects/Portal Operator 1@4:0","These <#c060c0><wavy>desyncs</wavy></color> are so fascinating, they break all rules we know.","这些<#c060c0><wavy>时间分裂</wavy></color>太奇妙了,它们打破了已知的所有物理法则.","",
"Map/EightPuzzle/MagitechSTile (1) Past/Objects/Portal Operator 1@5:0","I'm sure to win an award for this Desync paper!","我的[时间分裂]论文一定能上顶刊!","",
"Map/EightPuzzle/MagitechSTile (1)/Objects/Chad/ChadChirpDataProvider@ArcheologistTalkedAfterReflectionPool:0","We've got all the gems? Let's bring them back!","集齐全部的宝石了?是时候把它们带回去了.","",
"Map/EightPuzzle/MagitechSTile (1)/Objects/Chad/ChadChirpDataProvider@ArrivedInFactoryPresent:0","You know trespassing is a crime right? Right? Please say something.","你知道我们不该穿过这里的吧...","",
"Map/EightPuzzle/MagitechSTile (1)/Objects/Chad/ChadChirpDataProvider@ArrivedInMagiTechPresent:0","They doing some wild stuff here dude. You know, science.","他们在搞一些很[疯狂]的事情.你懂的,科学!","",
"Map/EightPuzzle/MagitechSTile (1)/Objects/Chad/ChadChirpDataProvider@CameFromJungle:0","It's been so long since I've seen Barron... it'd probably be too awkward anyways.","我很久没跟大亨打过招呼了-也许会很尴尬,算了吧...","",
"Map/EightPuzzle/MagitechSTile (1)/Objects/Chad/ChadChirpDataProvider@CameFromMilitary:0","War? Yeah, I'm a pro at RPS Tactics what about it?","打仗?我在[穿越RPS洲精英]里可是大师段位!这对我小菜一碟!","",
"Map/EightPuzzle/MagitechSTile (1)/Objects/Chad/ChadChirpDataProvider@EnteredDesertTemple:0","This place is ripe with artifacts!","这里的遗物琳琅满目!","",
"Map/EightPuzzle/MagitechSTile (1)/Objects/Chad/ChadChirpDataProvider@EnteredDesertTempleSnail:0","Groovy!","哇塞!","",
"Map/EightPuzzle/MagitechSTile (1)/Objects/Chad/ChadChirpDataProvider@EnteredMuseum:0","For people with time travel you'd think they'd have more stuff.","我感觉...他作为一个时间旅行者,应该有更多宝物...","",
"Map/EightPuzzle/MagitechSTile (1)/Objects/Chad/ChadChirpDataProvider@LeftGreedyWizard:0","He wants that much money?! MRI doesn't even have that kind of cash.","他想要那么多钱?就连MRI也没有那么多经费.","",
"Map/EightPuzzle/MagitechSTile (1)/Objects/Chad/ChadChirpDataProvider@RandomSmallTalk1:0","So... how's <var>Cat</var> doing?","话说...<var>Cat</var>怎样了?","",
"Map/EightPuzzle/MagitechSTile (1)/Objects/Chad/ChadChirpDataProvider@RandomSmallTalk2:0","Are we there yet?","我们到了吗?","",
"Map/EightPuzzle/MagitechSTile (1)/Objects/Chad/ChadChirpDataProvider@RandomSmallTalk3:0","I wonder what the Archeologist is up to.","不知道考古学家现在在干什么.","",
"Map/EightPuzzle/MagitechSTile (1)/Objects/Chad/ChadChirpDataProvider@ReflectionPoolCutscene:0","Woah!","哇!","",
"Map/EightPuzzle/MagitechSTile (1)/Objects/Chad/ChadChirpDataProvider@UsedAnchor:0","What in the- watch where you're dropping that thing!","小心点!不要乱扔那个东西!","",
"Map/EightPuzzle/MagitechSTile (1)/Objects/Chad/ChadChirpDataProvider@WalkNearCasinoExplosives:0","Explosives..?","爆炸物...?","",
"Map/EightPuzzle/MagitechSTile (1)/Objects/Chad/ChadChirpDataProvider@WalkNearCasinoTable:0","Yeahhh I'm cool off dice for the time being.","哈哈...我最近变得不太喜欢骰子了...","",
"Map/EightPuzzle/MagitechSTile (1)/Objects/Chad/ChadChirpDataProvider@WalkNearCastle:0","One day, I'll be the king of something like this.","总有一天,我会当上这样的国王.","",
"Map/EightPuzzle/MagitechSTile (1)/Objects/Chad/ChadChirpDataProvider@WalkNearChadSr:0","Woah, who's this handsome devil.","哇,这个帅哥是谁~","",
"Map/EightPuzzle/MagitechSTile (1)/Objects/Chad/ChadChirpDataProvider@WalkNearGemFuelMachine:0","Woah woah woah, why are there so many colors here?","哇哇哇,为什么这里五颜六色的?","",
"Map/EightPuzzle/MagitechSTile (1)/Objects/Chad/ChadChirpDataProvider@WalkNearGemReflectionPool:0","This is... mystical...","这很...神秘...","",
"Map/EightPuzzle/MagitechSTile (1)/Objects/Chad/ChadChirpDataProvider@WalkNearLaser:0","Heh, I'm sure I can turn on the laser if we really need to.","呃,如果真的需要的话,也许我可以打开这门激光炮.","",
"Map/EightPuzzle/MagitechSTile (1)/Objects/Chad/ChadChirpDataProvider@WalkNearPastMegaCrystal:0","That crystal... it's been here for a thousand years?!","那块水晶...它在这里保存了一千年?!","",
"Map/EightPuzzle/MagitechSTile (1)/Objects/Chad/ChadChirpDataProvider@WalkNearPresentMegaCrystal:0","Didn't they dig this up recently? The Archeologist was going off about it.","他们不是最近才把它挖出来的吗?考古学家跟我说过,不过我忘了一大半了.","",
"Map/EightPuzzle/MagitechSTile (1)/Objects/Chad/ChadChirpDataProvider@WalkNearRocket:0","I heard you plan on going to space... I guess that's pretty cool.","听说你要上太空了.太空...还是挺酷的.","",
"Map/EightPuzzle/MagitechSTile (1)/Objects/Chad/ChadChirpDataProvider@WalkNearRocketFinal:0","This is it, huh? The point of no return.","你这次旅途的终点就是这里了?","",
"Map/EightPuzzle/MagitechSTile (1)/Objects/Chad/ChadChirpDataProvider@WalkedInDinoMouth:0","Watch out!! Haha just kidding it's already dead.","小心!!哈哈,逗你玩~它已经死了.","",
"Map/EightPuzzle/MagitechSTile (1)/Objects/Chad/ChadChirpDataProvider@WentThroughPortalPast:0","I'll never get used to that...","我不可能适应这个...","",
"Map/EightPuzzle/MagitechSTile (1)/Objects/Chad/ChadChirpDataProvider@WentThroughPortalPresent:0","I think I'm gonna barf.","我有点...反胃...","",
"Map/EightPuzzle/MagitechSTile (1)/Objects/Chad@0:0","Buzz off.","起开!","",
"Map/EightPuzzle/MagitechSTile (1)/Objects/Chad@1:0","You'll never catch me!","菜鸟,你是抓不住我的!","",
"Map/EightPuzzle/MagitechSTile (1)/Objects/Chad@2:0","Aha! This time you'll finally meet your match explorer!","啊哈!探险家,我们又见面了!","",
"Map/EightPuzzle/MagitechSTile (1)/Objects/Chad@2:1","I've nabbed this powerful portal device, and with it we'll have our fiercest competition yet!","我""得到""了这个强劲的[传送门装置].用它,我们可以...","",
"Map/EightPuzzle/MagitechSTile (1)/Objects/Chad@2:2","First, let me turn this on...","首先...让我将它...启动--","",
"Map/EightPuzzle/MagitechSTile (1)/Objects/Chad@3:0","Aha! It worked! And now, with this portal on we're gonna...","啊哈!启动了!现在,用这个传送门,我们可以...","",
"Map/EightPuzzle/MagitechSTile (1)/Objects/Chad@3:1","We're gonna...","我们能...","",
"Map/EightPuzzle/MagitechSTile (1)/Objects/Chad@3:2","...","...","",
"Map/EightPuzzle/MagitechSTile (1)/Objects/Chad@3:3","I... I don't know...","我...我们...","",
"Map/EightPuzzle/MagitechSTile (1)/Objects/Chad@3:4","It doesn't even matter. You're gonna win anyways. You always do.","还有什么用呢,反正你又要赢了,每次都是你赢...","",
"Map/EightPuzzle/MagitechSTile (1)/Objects/Chad@3:5","Why do I even try? I'm just... not good enough.","我为什么还要尝试呢?我...我什么也做不成.","",
"Map/EightPuzzle/MagitechSTile (1)/Objects/Chad@3:6","Here, just take it.","这个你拿走吧.","",
"Map/EightPuzzle/MagitechSTile (1)/Objects/Chad@4:0","I need some time to myself.","我要...歇一会儿.","",
"Map/EightPuzzle/MagitechSTile (1)/Objects/Chad@5:0","I... I can't do anything right.","我...我什么都做不好...","",
"Map/EightPuzzle/MagitechSTile (1)/Objects/Chad@5:1","I'm a terrible research assistant.","我是个糟糕的研究助理.","",
"Map/EightPuzzle/MagitechSTile (1)/Objects/Chad@5:2","That explorer has helped you more than I have.","我不如那个探险家...","",
"Map/EightPuzzle/MagitechSTile (1)/Objects/Chad@5:3","What am I even here for? I just keep letting everyone down.","我还在这里干什么?我让所有人失望了...","",
"Map/EightPuzzle/MagitechSTile (1)/Objects/Chad@5:4","I give up...","我放弃了...","",
"Map/EightPuzzle/MagitechSTile (1)/Objects/Chad@5:5","What I could do, huh?","我又能做什么呢?","",
"Map/EightPuzzle/MagitechSTile (1)/Objects/Chad@6:0","What I could do, huh?","我又能做什么呢?","",
"Map/EightPuzzle/MagitechSTile (1)/Objects/Chad@7:0","Explorer! I have changed my ways.","探险家!我王大碴重出江湖啦!","",
"Map/EightPuzzle/MagitechSTile (1)/Objects/Chad@7:1","The great Chad will now be of service to you!","让我助你一臂之力!","",
"Map/EightPuzzle/MagitechSTile (1)/Objects/Chad@7:2","Lead the way, Explorer. We shall accomplish great things, together.","快带路,探险家--我们还有很多事要做!","",
"Map/EightPuzzle/MagitechSTile (1)/Objects/Chad@8:0","Ha! This foreman was no match for my irresistible charm.","哈!这个工头无法应对我的[社交手腕].","",
"Map/EightPuzzle/MagitechSTile (1)/Objects/Chad@8:1","You got the goods right? Turning on the laser was a piece of cake.","你拿到[好东西]了?启动激光简直不费功夫.","",
"Map/EightPuzzle/MagitechSTile (1)/Objects/Chad@8:2","Lead the way, explorer. Our journey continues!","快带路,探险家--我们还没到终点!","",
"Map/EightPuzzle/MagitechSTile (1)/Objects/Chad@9:0","<var>MiscChadFollowPlayerChirp</var>","<var>MiscChadFollowPlayerChirp</var>","",
"Map/EightPuzzle/MagitechSTile (1)/Objects/Fezziwig@0:0","No, no... I've traversed the fabric of time on my own. A time portal, you say?","不,不...我是自己念咒语穿越的.你说有一个[时间传送门]?","",
"Map/EightPuzzle/MagitechSTile (1)/Objects/Fezziwig@0:1","A permanent gateway through time, how positively fascinating! Maybe, I can help?","一个[永久]的,跨越时间的传送门?太神奇了.也许我能帮忙?","",
"Map/EightPuzzle/MagitechSTile (1)/Objects/Fezziwig@0:2","Lochui-a-kee, benestratum, agra booly!","洛卡洛卡,贝那塔塔,阿嘎布拉!","",
"Map/EightPuzzle/MagitechSTile (1)/Objects/Fezziwig@0:3","Thanks, I coul-","谢谢,我能--","",
"Map/EightPuzzle/MagitechSTile (1)/Objects/Fezziwig@1:0","Hmph, what a strange man.","额,多么奇怪的人.","",
"Map/EightPuzzle/MagitechSTile (1)/Objects/Fezziwig@2:0","I'm bullish on our plan... these ""scientists"" are impressively capable!","我看好这个计划...这些[科学家]让人敬佩!","",
"Map/EightPuzzle/MagitechSTile (1)/Objects/Fezziwig@3:0","Home, sweet home.","终于到家了,只可惜...","",
"Map/EightPuzzle/MagitechSTile (1)/Objects/Fezziwig@4:0","Ignis! Galvic! Lend me your aid.","伊格尼斯,加尔维克,我需要你们的帮助!","",
"Map/EightPuzzle/MagitechSTile (1)/Objects/Fezziwig@4:1","Friends, I've come from the future. Rally everyone; we must depart at once!","朋友们,我是从[未来]来的.把所有人集结起来,我们必须马上出发!","",
"Map/EightPuzzle/MagitechSTile (1)/Objects/Fezziwig@5:0","Melanie, my dear... you're going to have to leave your castle...","梅拉尼,亲爱的...你需要离开你的城堡...","",
"Map/EightPuzzle/MagitechSTile (1)/Objects/Fezziwig@5:1","I know you've made a lifetime's worth of memories here; this is the best result I could come up with.","我知道你一辈子都在这里,但是我们没有其他办法了.","",
"Map/EightPuzzle/MagitechSTile (1)/Objects/Fezziwig@6:0","My fellow wizarding compatriots... I bring great and terrible news!","我的巫师同伴们...我有好消息和坏消息!","",
"Map/EightPuzzle/MagitechSTile (1)/Objects/Fezziwig@6:1","The impending disaster, one sure to spell an end for humanity,","世界末日要来了,它会摧毁整个文明!","",
"Map/EightPuzzle/MagitechSTile (1)/Objects/Fezziwig@6:10","Your memories...","你们宝贵记忆中的一切...","",
"Map/EightPuzzle/MagitechSTile (1)/Objects/Fezziwig@6:11","They'll be annihilated in the coming week.","都会在一周之后被完全摧毁.","",
"Map/EightPuzzle/MagitechSTile (1)/Objects/Fezziwig@6:12","I'm truly sorry... I've explored every possibility and this was the only solution.","我很抱歉...我探索了每一种可能性,但这是我们唯一的出路!","",
"Map/EightPuzzle/MagitechSTile (1)/Objects/Fezziwig@6:13","I hope you'll accept this outcome.","我希望你们能接受.","",
"Map/EightPuzzle/MagitechSTile (1)/Objects/Fezziwig@6:2","The ancient meteor, heading straight to this location!","一颗古老的陨石正朝着我们飞来!","",
"Map/EightPuzzle/MagitechSTile (1)/Objects/Fezziwig@6:3","Through trials and tough times, I've found the way to save everyone!","不过,通过我不断的试验,我终于知道了可以救下所有人的办法!","",
"Map/EightPuzzle/MagitechSTile (1)/Objects/Fezziwig@6:4","The ""scientists"" and I have managed to PERFECT the art of time travel.","一些未来的""科学家""会发明出完美的时间旅行方法.","",
"Map/EightPuzzle/MagitechSTile (1)/Objects/Fezziwig@6:5","<wavy>We shall seek shelter in the future!</wavy>","<wavy>我们需要前往未来避难!</wavy>","",
"Map/EightPuzzle/MagitechSTile (1)/Objects/Fezziwig@6:6","Having worked with them personally, believe me when I say they are compassionate beyond belief.","我很荣幸能与他们共事,这些未来的人们非常友善.","",
"Map/EightPuzzle/MagitechSTile (1)/Objects/Fezziwig@6:7","It will be difficult, but I believe we can educate one another, and become one people!","我相信我们能与他们和谐共处!","",
"Map/EightPuzzle/MagitechSTile (1)/Objects/Fezziwig@6:8","But... regrettably...","但是...可惜的是...","",
"Map/EightPuzzle/MagitechSTile (1)/Objects/Fezziwig@6:9","Your homes...","我们的家园...","",
"Map/EightPuzzle/MagitechSTile (1)/Objects/Portal Operator 2@0:0","Wait, you're from the past! Did you slip in while the portal was opened?","等等,你是从未来来的!难道你是趁传送门打开的时候钻进来的?","",
"Map/EightPuzzle/MagitechSTile (1)/Objects/Portal Operator 2@0:1","On your own?? How- uh, did you travel through time on your own?","就你一个人??额--你是怎么一个人时间旅行的?","",
"Map/EightPuzzle/MagitechSTile (1)/Objects/Portal Operator 2@0:2","We developed this gun to shoot portals, but we're struggling to keep them stable.","我们开发了这个可以发射传送门的枪,但是它太不稳定了.","",
"Map/EightPuzzle/MagitechSTile (1)/Objects/Portal Operator 2@0:3","Holy crap, you're amazing!","我的天,你太强了!","",
"Map/EightPuzzle/MagitechSTile (1)/Objects/Portal Operator 2@0:4","Hey! Where are you going with that!","嘿!你要用它去哪里!","",
"Map/EightPuzzle/MagitechSTile (1)/Objects/Portal Operator 2@0:5","Oh man, I knew I should've kept a closer eye on that gun.","哦,我早知道应该看好那把枪的...","",
"Map/EightPuzzle/MagitechSTile (1)/Objects/Portal Operator 2@1:0","You should be careful near that portal. We can't be sure it's stable!","你应该小心一点,我们没法确定它是不是稳定的!","",
"Map/EightPuzzle/MagitechSTile (1)/Objects/Portal Operator 2@2:0","All this past and present is so confusing.","这些[过去]和[未来]的事情太复杂了--","",
"Map/EightPuzzle/MagitechSTile (1)/Objects/Portal Operator 2@2:1","Changing the past affects the future, but changing the future doesn't affect the past.","改变过去的[因]会改变未来的[果],但是改变未来不会反过来改变过去.","",
"Map/EightPuzzle/MagitechSTile (1)/Objects/Portal Operator 2@3:0","All of your friends are here!","你的朋友们都在这里!","",
"Map/EightPuzzle/MagitechSTile (2) Past/Objects/Explosives Man@0:0","Destroy the rocks? Rig up explosives and use the laser!","不喜欢这块挡路的石头?安上炸药然后用激光轰它!","",
"Map/EightPuzzle/MagitechSTile (2) Past/Objects/Explosives Man@0:1","Watch 'em go kaBOOM!","只要炸药足够,它们会被炸精光!","",
"Map/EightPuzzle/MagitechSTile (2) Past/Objects/Explosives Man@1:0","Oh... Erm...","哦...额...","",
"Map/EightPuzzle/MagitechSTile (2) Past/Objects/Explosives Man@2:0","There're some real funny fellas 'round here, huh.","这里全是些古怪的家伙.","",
"Map/EightPuzzle/MagitechSTile (2) Past/Objects/Explosives Man@2:1","Think any of 'em know explosion magic?","你觉得他们会[爆炸魔法]么?","",
"Map/EightPuzzle/MagitechSTile (2) Past/Objects/NPC Bomb Sign@0:1"," ...","...","",
"Map/EightPuzzle/MagitechSTile (2) Past/Objects/NPC Bomb Sign@1:0","Oh, you're wondering why it didn't explode?","哦,你不清楚为什么没有爆炸?","",
"Map/EightPuzzle/MagitechSTile (2) Past/Objects/NPC Bomb Sign@1:1","I've been preparing this just for you.","哈哈,我为你准备好了.","",
"Map/EightPuzzle/MagitechSTile (2) Past/Objects/NPC Bomb Sign@1:2","Check it!","看!","",
"Map/EightPuzzle/MagitechSTile (2) Past/Objects/NPC Bomb Sign@2:0","That was cool!! Right?!","太酷了,对吧?!","",
"Map/EightPuzzle/MagitechSTile (2) Past/Objects/NPC Bomb Sign@2:1","Right..?","对...对吧?","",
"Map/EightPuzzle/MagitechSTile (2)/Objects/Foreman@0:0","What the hell's the mattah with ya!","嘿,你到底什么毛病!","",
"Map/EightPuzzle/MagitechSTile (2)/Objects/Foreman@0:1","You can't just leave this lasah on! You know how much powah that thing uses?","工厂那边刚才一直在断电,原来是你小子把激光一直开着!","",
"Map/EightPuzzle/MagitechSTile (2)/Objects/Foreman@0:2","We're fighting faw scraps of electricity down at the factory!","赶快把它关掉!","",
"Map/EightPuzzle/MagitechSTile (2)/Objects/Foreman@0:3","And do you know how dangerous that is? someone could lose an ahm!","况且,这一点也不安全--万一打掉谁的胳膊,你该怎么解释!","",
"Map/EightPuzzle/MagitechSTile (2)/Objects/Foreman@0:4","Don't tuhn this lasah back on, okay?","就让它一直关着,行不?","",
"Map/EightPuzzle/MagitechSTile (2)/Objects/Foreman@1:0","Hey you theyah, weeuh you the one who tuhned this on?","嘿,那边的,是你把激光打开的?","",
"Map/EightPuzzle/MagitechSTile (2)/Objects/Foreman@1:1","Wehll don't do that!!","别乱动它!!","",
"Map/EightPuzzle/MagitechSTile (2)/Objects/Foreman@2:0","Huh I gyuess uh, we can leave the lasah on for a bit.","额,如果只开[一下下]...好吧.","",
"Map/EightPuzzle/MagitechSTile (2)/Objects/Foreman@3:0","My rawket's ready? Hawp in, you desahve it!","大火箭准备完毕了?快上去吧,大功臣!","",
"Map/EightPuzzle/MagitechSTile (2)/Objects/Laser Operator@0:0","Our super-laser packs quite a punch! We're running some tests on its power.","我们的[超级激光炮]威力巨大!我们正在测量它的具体运行功率.","",
"Map/EightPuzzle/MagitechSTile (2)/Objects/Laser Operator@0:1","Can you get me some oil so I can verify its impact?","不过,如果你拿[一桶油]过来,我可以让你真正[看见]它的威力.","",
"Map/EightPuzzle/MagitechSTile (2)/Objects/Laser Operator@1:0","Wow! Lasers are so cool!!","哇!激光太酷啦!!","",
"Map/EightPuzzle/MagitechSTile (2)/Objects/Laser Operator@2:0","Haha, I'm sure that's not a problem.","哈哈,我觉得没有问题.","",
"Map/EightPuzzle/MagitechSTile (2)/Objects/Laser Operator@3:0","Sorry sir...","抱歉...","",
"Map/EightPuzzle/MagitechSTile (2)/Objects/Laser Operator@3:1","Yes, sir.","好的.","",
"Map/EightPuzzle/MagitechSTile (2)/Objects/Laser Operator@4:0","Sorry man... we gotta leave the laser off.","额,工头在这里,我们不能拿激光炮乱来了.","",
"Map/EightPuzzle/MagitechSTile (2)/Objects/Laser Operator@4:1","It would take an incredibly charming man to convince him otherwise.","要说服我们的工头,你可能需要找到一个[极具魅力]的人.","",
"Map/EightPuzzle/MagitechSTile (2)/Objects/Laser Operator@5:0","My love for lasers will overcome all my problems in life!","我对激光的热情一定可以解决生活中的一切问题!","",
"Map/EightPuzzle/MagitechSTile (3) Past/Objects/NPC Bomb Sign@0:0","This time I'm going all out!","这次我会不遗余力!!!","",
"Map/EightPuzzle/MagitechSTile (3) Past/Objects/NPC Bomb Sign@1:0","Ready?","准备好了吗?!!","",
"Map/EightPuzzle/MagitechSTile (3) Past/Objects/NPC Bomb Sign@1:1","Boom.","嘣~","",
"Map/EightPuzzle/MagitechSTile (3) Past/Objects/NPC Bomb Sign@2:0","What? You want more?","什么?你觉得...不够?","",
"Map/EightPuzzle/MagitechSTile (3) Past/Objects/WizardDuelPuzzle/Fire Wizard Past@0:0","This <wavy>idiot</wavy> insinuated I was too short to be a wizard!","这根<wavy>瘦竹竿</wavy>说我太[矮]!","",
"Map/EightPuzzle/MagitechSTile (3) Past/Objects/WizardDuelPuzzle/Fire Wizard Past@0:1","A DUEL will settle this finely.","这只能用[决斗]解决!","",
"Map/EightPuzzle/MagitechSTile (3) Past/Objects/WizardDuelPuzzle/Fire Wizard Past@0:2","Hand me that Shield Generator, and his spells will be null against me.","我需要使他的法术[无效],快递给我那边那个[法术护盾]!","",
"Map/EightPuzzle/MagitechSTile (3) Past/Objects/WizardDuelPuzzle/Fire Wizard Past@0:3","He'll stand no chance! Hahaha!","他没有任何胜算!哈哈哈!","",
"Map/EightPuzzle/MagitechSTile (3) Past/Objects/WizardDuelPuzzle/Fire Wizard Past@1:0","Drat... I'm back on his level.","完蛋...我们又势均力敌了.","",
"Map/EightPuzzle/MagitechSTile (3) Past/Objects/WizardDuelPuzzle/Fire Wizard Past@1:1","Get me back my Shield! I can regain the advantage then.","把[护盾]还给我!我需要我的优势!","",
"Map/EightPuzzle/MagitechSTile (3) Past/Objects/WizardDuelPuzzle/Fire Wizard Past@2:0","aHA! Who's too short now?","啊哈!看你还敢不敢叫我矮子!","",
"Map/EightPuzzle/MagitechSTile (3) Past/Objects/WizardDuelPuzzle/Fire Wizard Past@2:1","You stand no chance against this fireball!","他肯定接不住我的大火球之术!","",
"Map/EightPuzzle/MagitechSTile (3) Past/Objects/WizardDuelPuzzle/Fire Wizard Past@3:0","Now we're on even footing! And it seems we've reached an stalemate...","我们势均力敌了!看起来谁也没法解决掉谁...","",
"Map/EightPuzzle/MagitechSTile (3) Past/Objects/WizardDuelPuzzle/Fire Wizard Past@3:1","What say we call it a truce.","要不然...休战?","",
"Map/EightPuzzle/MagitechSTile (3) Past/Objects/WizardDuelPuzzle/Fire Wizard Past@3:2","Perhaps fire and lightning aren't so different after all.","也许火与电可以...和平相处.","",
"Map/EightPuzzle/MagitechSTile (3) Past/Objects/WizardDuelPuzzle/Fire Wizard Past@4:0","These kerfuffles are truly brash aren't they?","这种小打小闹并不适合我们.","",
"Map/EightPuzzle/MagitechSTile (3) Past/Objects/WizardDuelPuzzle/Fire Wizard Past@4:1","I propose we team up! Knowledge is the true sign of class. ","我们应该为更重要的事情齐心协力!","",
"Map/EightPuzzle/MagitechSTile (3) Past/Objects/WizardDuelPuzzle/Fire Wizard Past@5:0","These kerfuffles are truly brash aren't they?","这种小打小闹并不适合我们.","",
"Map/EightPuzzle/MagitechSTile (3) Past/Objects/WizardDuelPuzzle/Fire Wizard Past@5:1","Knowledge is the true sign of class. Let us team up!","我们应该为更重要的事情齐心协力!","",
"Map/EightPuzzle/MagitechSTile (3) Past/Objects/WizardDuelPuzzle/Fire Wizard Past@6:0","These kerfuffles are truly brash aren't they?","这种小打小闹并不适合我们.","",
"Map/EightPuzzle/MagitechSTile (3) Past/Objects/WizardDuelPuzzle/Fire Wizard Past@6:1","Knowledge is the true sign of class. Let us team up!","我们应该为更重要的事情齐心协力!","",
"Map/EightPuzzle/MagitechSTile (3) Past/Objects/WizardDuelPuzzle/Fire Wizard Past@7:0","Is it true, Fezziwig? It's possible?","你确定这可行么,法兹维?","",
"Map/EightPuzzle/MagitechSTile (3) Past/Objects/WizardDuelPuzzle/Fire Wizard Past@8:0","Aha! This ""Museum"" will be a fine location to store my newly developed relics.","啊哈!这个叫""古董博物馆""的地方很适合存储我这几天新研发出来的物件.","",
"Map/EightPuzzle/MagitechSTile (3) Past/Objects/WizardDuelPuzzle/Lightning Wizard Past@0:0","I just said what that girl at the bar said.","我只是转告而已,是酒吧里有个女孩那么说他的.","",
"Map/EightPuzzle/MagitechSTile (3) Past/Objects/WizardDuelPuzzle/Lightning Wizard Past@1:0","Uh oh, lil bro is upset.","好吧,这位仁兄好像有点上头了.","",
"Map/EightPuzzle/MagitechSTile (3) Past/Objects/WizardDuelPuzzle/Lightning Wizard Past@1:1","I'm not gonna win this fight if he has the Shield Generator.","他有那把盾,我是赢不了的.","",
"Map/EightPuzzle/MagitechSTile (3) Past/Objects/WizardDuelPuzzle/Lightning Wizard Past@2:0","Woah, I'm toast without protection.","天啊,我完蛋了.","",
"Map/EightPuzzle/MagitechSTile (3) Past/Objects/WizardDuelPuzzle/Lightning Wizard Past@2:1","Is it getting hot in here or is that just me?","气氛有些...""焦灼""...","",
"Map/EightPuzzle/MagitechSTile (3) Past/Objects/WizardDuelPuzzle/Lightning Wizard Past@3:0","Ha! You can't get me anymore!","哈!这下你没法打中我啦!","",
"Map/EightPuzzle/MagitechSTile (3) Past/Objects/WizardDuelPuzzle/Lightning Wizard Past@3:1","Now perish before my lightning spell!","吃我[雷霆一击]!","",
"Map/EightPuzzle/MagitechSTile (3) Past/Objects/WizardDuelPuzzle/Lightning Wizard Past@4:0","Damn you! Now I'll never win this battle. Perhaps the time has come for a new approach.","怎么这样!现在谁也打不赢谁了.我们只能另寻出路了.","",
"Map/EightPuzzle/MagitechSTile (3) Past/Objects/WizardDuelPuzzle/Lightning Wizard Past@4:1","A truce it is!","好吧,我们和解.","",
"Map/EightPuzzle/MagitechSTile (3) Past/Objects/WizardDuelPuzzle/Lightning Wizard Past@4:2","Now that you say it, our combined powers would be unstoppable!","说得好,我们需要团结一致!","",
"Map/EightPuzzle/MagitechSTile (3) Past/Objects/WizardDuelPuzzle/Lightning Wizard Past@5:0","Don't worry, with our efforts combined, we'll pave the way for fire and lightning.","不用担心,我们[火]与[电]联手可是天下无敌的.","",
"Map/EightPuzzle/MagitechSTile (3) Past/Objects/WizardDuelPuzzle/Lightning Wizard Past@6:0","Don't worry, with our efforts combined, we'll pave the way for fire and lightning.","不用担心,我们[火]与[电]联手可是天下无敌的.","",
"Map/EightPuzzle/MagitechSTile (3) Past/Objects/WizardDuelPuzzle/Lightning Wizard Past@7:0","Don't worry, with our efforts combined, we'll pave the way for fire and lightning.","不用担心,我们[火]与[电]联手可是天下无敌的.","",
"Map/EightPuzzle/MagitechSTile (3) Past/Objects/WizardDuelPuzzle/Lightning Wizard Past@8:0","Radical!","绝妙!","",
"Map/EightPuzzle/MagitechSTile (3) Past/Objects/WizardDuelPuzzle/Lightning Wizard Past@9:0","Whatever you say lil bro.","随便你怎么说,兄弟.","",
"Map/EightPuzzle/MagitechSTile (3)/All Tile Maps/House Tile Maps/Decorations/Curator@0:0","Two wizards had a legendary duel here, but unfortunately they both died.","传说从前两个巫术大师进行了一场对决,他们难分伯仲,最后同归于尽了.","",
"Map/EightPuzzle/MagitechSTile (3)/All Tile Maps/House Tile Maps/Decorations/Curator@0:1","Imagine what they could have done together, with the power of friendship!","如果他们真有传说中的那般功力,我真希望他们可以齐心协力使巫术更进一步...","",
"Map/EightPuzzle/MagitechSTile (3)/All Tile Maps/House Tile Maps/Decorations/Curator@0:2","I have spots for the Shield Generator and a Gem they would have created.","我特地留下了两个空位以存放他们<wavy>有可能</wavy>制作出来的东西--比如[法术护盾],还有[魔法宝石].","",
"Map/EightPuzzle/MagitechSTile (3)/All Tile Maps/House Tile Maps/Decorations/Curator@1:0","I have spots for the Shield Generator and a Gem they would have created.","我特地留下了两个空位以存放他们<wavy>有可能</wavy>制作出来的东西--比如[法术护盾],还有[魔法宝石].","",
"Map/EightPuzzle/MagitechSTile (3)/All Tile Maps/House Tile Maps/Decorations/Curator@1:1","If they lived!","--如果他们没有英年早逝的话.","",
"Map/EightPuzzle/MagitechSTile (3)/All Tile Maps/House Tile Maps/Decorations/Curator@2:0","Behold! The Fire gem. (Don't touch it.)","这是[火焰宝石].(别摸!)","",
"Map/EightPuzzle/MagitechSTile (3)/All Tile Maps/House Tile Maps/Decorations/Curator@2:1","It was created by the short wizard after he won the duel!","传说从前两个巫术大师进行了一场对决,矮个子的[火焰法师]赢得了决斗--这是他的传世之作.","",
"Map/EightPuzzle/MagitechSTile (3)/All Tile Maps/House Tile Maps/Decorations/Curator@2:2","The only rope I have is the perfect size for it!","我正好有根绳子能把它挂起来.","",
"Map/EightPuzzle/MagitechSTile (3)/All Tile Maps/House Tile Maps/Decorations/Curator@3:0","Behold! The Lightning gem. (Don't touch it)","这是[雷电宝石].(别摸!)","",
"Map/EightPuzzle/MagitechSTile (3)/All Tile Maps/House Tile Maps/Decorations/Curator@3:1","It was created by the lightning wizard after he won the duel!","传说从前两个巫术大师进行了一场对决,高个子的[雷电法师]赢得了决斗--这是他的传世之作.","",
"Map/EightPuzzle/MagitechSTile (3)/All Tile Maps/House Tile Maps/Decorations/Curator@3:2","The only rope I have is the perfect size for it!","我正好有根绳子能把它挂起来.","",
"Map/EightPuzzle/MagitechSTile (3)/All Tile Maps/House Tile Maps/Decorations/Curator@4:0","Hey! Where are you taking that?!","嘿!你要把它拿到哪里?","",
"Map/EightPuzzle/MagitechSTile (3)/All Tile Maps/House Tile Maps/Decorations/Curator@5:0","Tall and small, joining powers! Who would have thought?","高矮两个人齐心协力!谁又能想到呢?","",
"Map/EightPuzzle/MagitechSTile (3)/All Tile Maps/House Tile Maps/Decorations/Curator@5:1","In fact, the gem they made is so big I can't even rope it off!","这两个人一起制作的[双芯宝石]过于巨大,我没法把它挂起来!","",
"Map/EightPuzzle/MagitechSTile (3)/All Tile Maps/House Tile Maps/Decorations/Curator@5:2","Anyways, it's brought in more visitors. Take this as thanks.","它一定能吸引大批大批的游客!请收下这个谢礼.","",
"Map/EightPuzzle/MagitechSTile (3)/All Tile Maps/House Tile Maps/Decorations/Curator@6:0","Tall and small, joining powers! Who would have thought?","高矮两个人齐心协力!谁又能想到呢?","",
"Map/EightPuzzle/MagitechSTile (3)/All Tile Maps/House Tile Maps/Decorations/Curator@6:1","In fact, the gem they made is so big I can't even rope it off!","这两个人一起制作的[双芯宝石]过于巨大,我没法把它挂起来!","",
"Map/EightPuzzle/MagitechSTile (3)/All Tile Maps/House Tile Maps/Decorations/Curator@6:2","Anyways, it's brought in more visitors. Take this as thanks.","它一定能吸引大批大批的游客!请收下这个谢礼.","",
"Map/EightPuzzle/MagitechSTile (3)/All Tile Maps/House Tile Maps/Decorations/Curator@7:0","Business is booming.","生意兴隆!","",
"Map/EightPuzzle/MagitechSTile (3)/All Tile Maps/House Tile Maps/Decorations/Curator@8:0","Hey, where'd the gem go?","嘿,宝石去哪里了?","",
"Map/EightPuzzle/MagitechSTile (3)/All Tile Maps/House Tile Maps/Decorations/Curator@8:1","I knew I should've bought insurance.","早知道该给它上个保险的.","",
"Map/EightPuzzle/MagitechSTile (4) Past/Objects/Burger Puzzle/Hungry Ol Chap@0:0","I pray whoever took the Burger enjoys it wholeheartedly... for my enjoyment comes from creation, not consumption.","这是我的最新发明:[汉堡].我希望有人能替我品尝它--我的爱好是做饭,不是吃饭.","",
"Map/EightPuzzle/MagitechSTile (4) Past/Objects/Burger Puzzle/Hungry Ol Chap@1:0","Hear thee, hear thee! I introduce to you... the Burger! Allow me to show you its juicy deliciousness!","注意注意!我要向大家介绍我全新发明的美食--[汉堡]!它多汁美味,而且非常顶饱!","",
"Map/EightPuzzle/MagitechSTile (4) Past/Objects/Burger Puzzle/Hungry Ol Chap@1:1","I'm sure this invention will go down in the history books.","这个发明一定能流芳百世.","",
"Map/EightPuzzle/MagitechSTile (4) Past/Objects/Burger Puzzle/Hungry Ol Chap@2:0","Wait, where are you going with that? Oh my days, someone help me!","等等,你拿着它要去哪里?来人哪,抓住这个小偷!","",
"Map/EightPuzzle/MagitechSTile (4) Past/Objects/Burger Puzzle/Hungry Ol Chap@2:1","Well... you look like you need it more than me... you can have it.","额...看起来你比我更需要它...它归你了.","",
"Map/EightPuzzle/MagitechSTile (4) Past/Objects/Burger Puzzle/Hungry Ol Chap@3:0","Wait, that's not my burger. What is that?","等等,这不是我的[汉堡].这是什么?","",
"Map/EightPuzzle/MagitechSTile (4) Past/Objects/Burger Puzzle/Hungry Ol Chap@4:0","Back to the kitchen for me, I suppose.","也许我该回到厨房了.","",
"Map/EightPuzzle/MagitechSTile (4) Past/Objects/Burger Puzzle/Hungry Ol Chap@5:0","You glutton! You need not 2 burgers!!","你这个大胃袋!我根本想不到有人能吃下两个汉堡!!","",
"Map/EightPuzzle/MagitechSTile (4) Past/Objects/Shrooms Puzzle/Anti-Shroom Wizard@0:0","My castle has gone missing! Good heavens what sorcery is this?","我的城堡消失了!太不对劲了,我的天--","",
"Map/EightPuzzle/MagitechSTile (4) Past/Objects/Shrooms Puzzle/Anti-Shroom Wizard@0:1","Ahhh! Where did all those mushrooms come from? Did I botch the spell that badly?","啊啊啊啊啊!!!这些[蘑菇]是从哪里冒出来的?那句咒语我到底念错了多少?","",
"Map/EightPuzzle/MagitechSTile (4) Past/Objects/Shrooms Puzzle/Anti-Shroom Wizard@0:2","Broken bridge, dissapearing castle, mushrooms everywhere, oh is there no end to this madness?","桥垮掉了,城堡没了,而且到处都是这些[蘑菇]!!这太不合理了.","",
"Map/EightPuzzle/MagitechSTile (4) Past/Objects/Shrooms Puzzle/Anti-Shroom Wizard@1:0","I sense something. Is that.. the castle? Could it be?","我感觉到了什么...是我的[城堡]么?","",
"Map/EightPuzzle/MagitechSTile (4) Past/Objects/Shrooms Puzzle/Anti-Shroom Wizard@1:1","But these stupid fungi are still in my way. ","*,这些的真菌还挡在路中间.","",
"Map/EightPuzzle/MagitechSTile (4) Past/Objects/Shrooms Puzzle/Anti-Shroom Wizard@2:0","Aha! I knew my castle was nearby","啊哈!我就知道我的城堡在附近.","",
"Map/EightPuzzle/MagitechSTile (4) Past/Objects/Shrooms Puzzle/Anti-Shroom Wizard@2:1","But I can't fix the bridge. There's still... mushrooms in the way","--但是我没法修好这座吊桥,哪里全都是...蘑菇!","",
"Map/EightPuzzle/MagitechSTile (4) Past/Objects/Shrooms Puzzle/Anti-Shroom Wizard@2:2","It's like they're... sucking away my power. What foul and heinous creations!","这些蘑菇好像...偷走了我的法力.多么令人厌恶的东西!","",
"Map/EightPuzzle/MagitechSTile (4) Past/Objects/Shrooms Puzzle/Anti-Shroom Wizard@3:0","The mushrooms are gone! Gone at last!","终于!这些蘑菇终于消失了!","",
"Map/EightPuzzle/MagitechSTile (4) Past/Objects/Shrooms Puzzle/Anti-Shroom Wizard@3:1","But... my castle. Oh where has my castle gone?","但是...我的城堡--我的城堡去哪里了?","",
"Map/EightPuzzle/MagitechSTile (4) Past/Objects/Shrooms Puzzle/Anti-Shroom Wizard@4:0","My castle! My beautiful, mushroomless castle!","我的城堡!我美丽的[不含蘑菇]的城堡!","",
"Map/EightPuzzle/MagitechSTile (4) Past/Objects/Shrooms Puzzle/Anti-Shroom Wizard@4:1","Oh what a wonderful day this is! My power has returned at last!","多么美好的一天!我的法力终于回来了!","",
"Map/EightPuzzle/MagitechSTile (4) Past/Objects/Shrooms Puzzle/Anti-Shroom Wizard@4:2","One bridge made, coated with anti-shroomness...one less black market for me.","桥修好了,我特意在上面涂满了[防蘑菇药剂].","",
"Map/EightPuzzle/MagitechSTile (4) Past/Objects/Shrooms Puzzle/Anti-Shroom Wizard@5:0","Sweet, sweet home.","多么温馨.","",
"Map/EightPuzzle/MagitechSTile (4) Past/Objects/Shrooms Puzzle/Anti-Shroom Wizard@6:0","No... just a bit longer, please!","我只想再待[一小会]...求求你们了!","",
"Map/EightPuzzle/MagitechSTile (4) Past/Objects/Shrooms Puzzle/Anti-Shroom Wizard@7:0","I don't want to leave!!!!!!!!","我不想走!!!","",
"Map/EightPuzzle/MagitechSTile (4)/Objects/Bob@0:0","...","...","",
"Map/EightPuzzle/MagitechSTile (4)/Objects/Bob@1:0","You're a legend alright.","你在海上已经家喻户晓了,朋友.","",
"Map/EightPuzzle/MagitechSTile (4)/Objects/Bob@1:1","Say hi to <var>Cat</var> for me.","替我向<var>Cat</var>问好!","",
"Map/EightPuzzle/MagitechSTile (4)/Objects/Burger Puzzle/Hungry Worker@0:0","I would KILL for a second burger right now. I'm so hungry...","如果能给我第二个汉堡的话,就算杀人放火也可以!我已经前胸贴后背了...","",
"Map/EightPuzzle/MagitechSTile (4)/Objects/Burger Puzzle/Hungry Worker@0:1","Speaking of, I heard the very first burger was created and eaten at this very spot!","说到汉堡,你知道世界上[第一个汉堡]就是在这里被发明的么!","",
"Map/EightPuzzle/MagitechSTile (4)/Objects/Burger Puzzle/Hungry Worker@1:0","Wait... what happened to my burger?","等等...我的汉堡哪里去了?","",
"Map/EightPuzzle/MagitechSTile (4)/Objects/Burger Puzzle/Hungry Worker@1:1","So... hungry...","好...好饿...","",
"Map/EightPuzzle/MagitechSTile (4)/Objects/Burger Puzzle/Hungry Worker@2:0","Oh my delicousness, I will never let you go again!","哦,我的美味!","",
"Map/EightPuzzle/MagitechSTile (4)/Objects/Burger Puzzle/Hungry Worker@2:1","But... I wouldn't a second burger... yes a second burger would be amazing.","不过...我并不介意再吃一个汉堡!","",
"Map/EightPuzzle/MagitechSTile (4)/Objects/Burger Puzzle/Hungry Worker@3:0","It seems as though this is some sort of... magical burger. It looks a little old, but it will do.","这看起来像是某种...[巫术]汉堡.它看起来有一些""老旧"",但是我是不会介意的.","",
"Map/EightPuzzle/MagitechSTile (4)/Objects/Burger Puzzle/Hungry Worker@3:1","But even a magic burger is just a burger. What I would do for a second burger, magical or not...","不过即使是[巫术]汉堡也不能一个顶两个...我多么渴望第二个汉堡!--不管是[巫术]的还是正常的.","",
"Map/EightPuzzle/MagitechSTile (4)/Objects/Burger Puzzle/Hungry Worker@4:0","Hey! Where are you taking my burger!","嘿!你要拿着我的汉堡去哪里!","",
"Map/EightPuzzle/MagitechSTile (4)/Objects/Burger Puzzle/Hungry Worker@5:0","Is that burger... glowing?","那个汉堡在...发光?","",
"Map/EightPuzzle/MagitechSTile (4)/Objects/Burger Puzzle/Hungry Worker@6:0","Two burgers? Just for me? ","两个汉堡?都给我么?","",
"Map/EightPuzzle/MagitechSTile (4)/Objects/Burger Puzzle/Hungry Worker@6:1","However, wherever, whenever this is possible, thank you chap.","哦,我太感谢你了,大好人!","",
"Map/EightPuzzle/MagitechSTile (4)/Objects/Burger Puzzle/Hungry Worker@6:2","Take some contraband I found on the job.","这是我的谢礼--不过是一些工作中经手的[违禁品]罢了,收下吧~","",
"Map/EightPuzzle/MagitechSTile (4)/Objects/Burger Puzzle/Hungry Worker@7:0","So.... full...","好...好撑...","",
"Map/EightPuzzle/MagitechSTile (4)/Objects/Burger Puzzle/Hungry Worker@7:1","Yummy hammburbgeres","汉堡好好好好吃.","",
"Map/EightPuzzle/MagitechSTile (4)/Objects/Burger Puzzle/Hungry Worker@8:0","I'm getting kind of hungry again.","哦,我好像又饿了.","",
"Map/EightPuzzle/MagitechSTile (4)/Objects/Burger Puzzle/Hungry Worker@8:1","Do you think they'd ever let me have a third hamburger?","你觉得他们会让我吃第三个汉堡么?","",
"Map/EightPuzzle/MagitechSTile (4)/Objects/Commander@0:0","...","...","",
"Map/EightPuzzle/MagitechSTile (4)/Objects/Commander@1:0","War's over kiddo. We won.","战争结束了,小子.我们赢了.","",
"Map/EightPuzzle/MagitechSTile (4)/Objects/Commander@1:1","Now go up there and show those misfits what we're made of!","快坐上你那个[载人飞弹]让那些外星人们见识见识!","",
"Map/EightPuzzle/MagitechSTile (4)/Objects/Kevin@0:0","...","...","",
"Map/EightPuzzle/MagitechSTile (4)/Objects/Kevin@1:0","Fixed the whole world, huh? That's a whole lotta untangling.","你说你修复了整个世界?老兄,没有你不能[解开]的难题!","",
"Map/EightPuzzle/MagitechSTile (4)/Objects/Pierre@0:0","...","...","",
"Map/EightPuzzle/MagitechSTile (4)/Objects/Pierre@1:0","Thanks for everything!","感谢至极!","",
"Map/EightPuzzle/MagitechSTile (5) Past/All Tile Maps/Tile Maps/Decorations/Castle Lookout@0:0","Hail there! Always nice to see visitors to our splendid fortress!","嘿,旅行者!欢迎拜访我们精心设计的城堡.","",
"Map/EightPuzzle/MagitechSTile (5) Past/All Tile Maps/Tile Maps/Decorations/Castle Lookout@0:1","Unfortunately, we can't welcome any tourists because our bridge is broken!","可惜唯一可供出入的吊桥垮掉了!","",
"Map/EightPuzzle/MagitechSTile (5) Past/All Tile Maps/Tile Maps/Decorations/Castle Lookout@1:0","Oh my! Our bridge is fixed!","哦天哪,吊桥修好了!","",
"Map/EightPuzzle/MagitechSTile (5) Past/All Tile Maps/Tile Maps/Decorations/Castle Lookout@1:1","I thought I would be stuck here all day.","我以为要被困在这里一整天.","",
"Map/EightPuzzle/MagitechSTile (5) Past/All Tile Maps/Tile Maps/Decorations/Castle Lookout@2:0","Oh, the woes of mortal living!","哦,多么的麻烦!","",
"Map/EightPuzzle/MagitechSTile (5)/Objects/Contractor@0:0","This one can can only be exploded from the bottom.","这个只能从下方爆破.","",
"Map/EightPuzzle/MagitechSTile (5)/Objects/Contractor@0:1","Safety restrictions and all that.","对不起,这是安全准则.","",
"Map/EightPuzzle/MagitechSTile (5)/Objects/Contractor@1:0","Nice work!","漂亮!","",
"Map/EightPuzzle/MagitechSTile (5)/Objects/Contractor@2:0","Thanks for helping rig all these explosives, it's heavy work.","谢谢你组装这么多爆炸物,看起来很费劲的样子.","",
"Map/EightPuzzle/MagitechSTile (6) Past/Objects/NPC Bomb Sign@0:0","We both know what's happening let's just speed this up.","我们都知道要发生什么,快点吧.","",
"Map/EightPuzzle/MagitechSTile (6) Past/Objects/NPC Bomb Sign@0:1"," ...","...","",
"Map/EightPuzzle/MagitechSTile (6) Past/Objects/NPC Bomb Sign@1:0","I'm over it.","我嫌烦了.","",
"Map/EightPuzzle/MagitechSTile (6)/Objects/Elevator Builder@0:0","...","...","",
"Map/EightPuzzle/MagitechSTile (6)/Objects/Elevator Builder@1:0","You're going to space? That's so *sob* cool!","你要去太空?这太酷了!*哭*","",
"Map/EightPuzzle/MagitechSTile (6)/Objects/Elevator Builder@1:1","I hope that rocket can go up *and* down.","我希望那个火箭也能上升下降!","",
"Map/EightPuzzle/MagitechSTile (6)/Objects/Exploresse@0:0","...","...","",
"Map/EightPuzzle/MagitechSTile (6)/Objects/Exploresse@1:0","Honey... they said you were going to space???","亲爱的...他们告诉我你要上太空了???","",
"Map/EightPuzzle/MagitechSTile (6)/Objects/Exploresse@1:1","Oh goodness... bring <var>Cat</var> back safely!!","哦天哪...请把<var>Cat</var>安全带回来!!","",
"Map/EightPuzzle/MagitechSTile (6)/Objects/Exploresse@1:2","Oh! And stay safe too!","你也要注意安全!","",
"Map/EightPuzzle/MagitechSTile (6)/Objects/Gene@0:0","...","...","",
"Map/EightPuzzle/MagitechSTile (6)/Objects/Gene@1:0","Seems like you've had quite the time travel experience.","看起来你对时间旅行已经相当熟悉了.","",
"Map/EightPuzzle/MagitechSTile (6)/Objects/Gene@1:1","You're welcome for the preperation. Heh.","我为你准备好了.不客气!","",
"Map/EightPuzzle/MagitechSTile (6)/Objects/OilHints@HintError:0","Something went wrong!","出问题了!","",
"Map/EightPuzzle/MagitechSTile (6)/Objects/OilHints@HintNumber2:0","1 barrel left! It should be behind the rocket.","还有1桶!它应该在火箭后面.","",
"Map/EightPuzzle/MagitechSTile (6)/Objects/OilHints@HintNumber3:0","1 barrel left! It should be on a rock in the past.","还有1桶!它应该在[过去]的一块石头上.","",
"Map/EightPuzzle/MagitechSTile (6)/Objects/OilHints@HintNumber4:0","1 barrel left! It should be on a rock in the present.","还有1桶!它应该在[现在]的一块石头上.","",
"Map/EightPuzzle/MagitechSTile (6)/Objects/RocketEngineer@0:0","Hey there future astronaut. The rocket's almost ready! Just need some backup fuel in case that gem stuff fails.","嘿,宇航员.火箭就要准备好了!就差一些[后备燃料]了-你懂的,那些宝石玩意可能并不靠谱.","",
"Map/EightPuzzle/MagitechSTile (6)/Objects/RocketEngineer@0:1","I think 4 barrels of oil will be enough of a reserve fuel supply.","我觉得...大概要[4桶油]吧--让我看看""配方""上是怎么说的...","",
"Map/EightPuzzle/MagitechSTile (6)/Objects/RocketEngineer@0:2","I still need 4 barrels of oil to dri -- use as emergency reserves.","我还需要[4桶油]来用作...额...""备用储备"".","",
"Map/EightPuzzle/MagitechSTile (6)/Objects/RocketEngineer@1:0","Great! I still need 3 oil barrels.","好样的!还需要3桶油.","",
"Map/EightPuzzle/MagitechSTile (6)/Objects/RocketEngineer@2:0","Great! I still need 2 oil barrels.","好样的!还需要2桶油.","",
"Map/EightPuzzle/MagitechSTile (6)/Objects/RocketEngineer@3:0","<var>MagiTechOilHint</var>","<var>MagiTechOilHint</var>","",
"Map/EightPuzzle/MagitechSTile (6)/Objects/RocketEngineer@4:0","The rocket is almost ready! We need backup fuel in case that gem stuff fails.","火箭就要准备好了!就差一些[后备燃料]了-你懂的,那些宝石玩意可能并不靠谱.","",
"Map/EightPuzzle/MagitechSTile (6)/Objects/RocketEngineer@4:1","I think 4 barrels of oil will be enough of a reserve fuel supply.","我还需要[4桶油]来用作...额...""备用储备"".","",
"Map/EightPuzzle/MagitechSTile (6)/Objects/RocketEngineer@4:2","Wait. You found them all already?","等等.你已经找到所有油桶了?","",
"Map/EightPuzzle/MagitechSTile (6)/Objects/RocketEngineer@4:3","Thanks a ton! Now to find some lime and simple syrup. 
Anyways here's a Slider piece as thanks.","好的!--配方还需要青柠汁和糖浆,那些我自己找就行了.
咳咳...总之,这个滑块给你了.","",
"Map/EightPuzzle/MagitechSTile (6)/Objects/RocketEngineer@5:0","Thanks a ton! I'll make sure she's ready for you to ride in.","多谢了!我来做好起飞准备.","",
"Map/EightPuzzle/MagitechSTile (6)/Objects/RocketEngineer@6:0","Go on, you've worked so hard for this!","去吧,你为此努力很久了!","",
"Map/EightPuzzle/MagitechSTile (6)/Objects/ServerBot-1@0:0","...","...","",
"Map/EightPuzzle/MagitechSTile (6)/Objects/ServerBot-1@1:0","According to my calculations, you have saved us.","经过多重计算,系统认为您的行为具有[帮助]特征.","",
"Map/EightPuzzle/MagitechSTile (6)/Objects/ServerBot-1@1:1","I am expressing gratitude. Please accept it.","系统对您给予感谢,请接收.","",
"Map/EightPuzzle/MagitechSTile (6)/Objects/ServerBot-1@1:2","You are making this awkward.","如不接受,则导致...[尴尬].","",
"Map/EightPuzzle/MagitechSTile (7) Past/Objects/VIP Brother@0:0","Wait, are those my brother's sunglasses? How'd you even get them?","等等,这不是我老哥的墨镜么?你是怎么拿到的?","",
"Map/EightPuzzle/MagitechSTile (7) Past/Objects/VIP Brother@0:1","How about you take mine and return his? Those were our father's favorite pair.","额,要不然和我交换吧,老爹最喜欢的是那一副,我这副就无所谓了.","",
"Map/EightPuzzle/MagitechSTile (7) Past/Objects/VIP Brother@0:2","I was trying to open up a portal to reach him, but I wasn't able to.","我正试着打开一个传送门来联系他.","",
"Map/EightPuzzle/MagitechSTile (7) Past/Objects/VIP Brother@0:3","Can you bring me to the northwest quadrent? That's where the portal was.","能不能把我带到西北区域?传送门在那里.","",
"Map/EightPuzzle/MagitechSTile (7) Past/Objects/VIP Brother@1:0","Alright, here goes nothing","好了.","",
"Map/EightPuzzle/MagitechSTile (7) Past/Objects/VIP Brother@1:1","Alright, here goes nothing","我试试.","",
"Map/EightPuzzle/MagitechSTile (7) Past/Objects/VIP Brother@1:2","Hazzah!","哈!","",
"Map/EightPuzzle/MagitechSTile (7) Past/Objects/VIP Brother@2:0","Let me know if he's okay, okay?","告诉我他怎样,好么?","",
"Map/EightPuzzle/MagitechSTile (7) Past/Objects/VIP Brother@3:0","Thank goodness he's safe. Keep the sunglasses and take this gem I found as a reward.","太好了,他没有出事.请收下这副墨镜,还有我捡到的这个奇怪的石头.","",
"Map/EightPuzzle/MagitechSTile (7) Past/Objects/VIP Brother@4:0","Now how do I close a portal?","那么,该怎么关上这东西...?","",
"Map/EightPuzzle/MagitechSTile (7)/All Tile Maps/House Tile Maps/Decorations/Robot Calculator@0:0","Beep Boop!","比比波波!","",
"Map/EightPuzzle/MagitechSTile (7)/All Tile Maps/House Tile Maps/Decorations/Sara@0:0","Oh hey! Good to see you again.","嘿!很高兴又见到你.","",
"Map/EightPuzzle/MagitechSTile (7)/All Tile Maps/House Tile Maps/Decorations/Sara@0:1","Now, what were the dimensions of the crystal machine..?","额,我想不起之前那些处理水晶的机器的尺寸了...","",
"Map/EightPuzzle/MagitechSTile (7)/Objects/Vault Tech@0:0","Welcome to TechVault! Our pattented design is ultra-secure and future proof!","欢迎参观[科必保]公司!我们的保险箱带有专利设计.它十分安全,甚至能够抵御来自[未来]的小偷!","",
"Map/EightPuzzle/MagitechSTile (7)/Objects/Vault Tech@0:1","We travel back in time to build your vault, then break the access lever! Hah! Try getting inside now.","我们回到过去来安装你的保险箱,然后破坏掉它的开关!哈!这样谁也进不去了.","",
"Map/EightPuzzle/MagitechSTile (7)/Objects/Vault Tech@1:0","Hmm... looks like we have some security concerns.","额--看起来我们有一些...安保问题.","",
"Map/EightPuzzle/MagitechSTile (8) Past/All Tile Maps/House Tile Maps/Decorations/House4/Gem Wizard Sign@0:0","todo write lore here","请输入文本","",
"Map/EightPuzzle/MagitechSTile (8) Past/Objects/AmbitiousKid@0:0","Woah... I hope I can be wizard.","哇...我长大了要当巫师!","",
"Map/EightPuzzle/MagitechSTile (8) Past/Objects/AmbitiousKid@1:0","Woah... with robots?!","哇...机器人?!","",
"Map/EightPuzzle/MagitechSTile (8) Past/Objects/AmbitiousKid@1:1","What's a robot?","机器人...是什么?","",
"Map/EightPuzzle/MagitechSTile (8) Past/Objects/Curious Citizen@0:0","Sometimes I wonder if we deserve magic.","有时候我觉得我们不配使用魔法.","",
"Map/EightPuzzle/MagitechSTile (8) Past/Objects/Curious Citizen@0:1","Our village was the first to acquire it even though it didn't originate from here.","不知道谁把这东西带进村子的.","",
"Map/EightPuzzle/MagitechSTile (8) Past/Objects/Curious Citizen@1:0","Of course, Fezziwig! We know how hard you've worked in this time.","必须的,法兹维!我们知道你为此付出了多少努力.","",
"Map/EightPuzzle/MagitechSTile (8) Past/Objects/Curious Citizen@1:1","One can't even imagine what you've done in the future already!","我没法想象你在未来都经历了些什么.","",
"Map/EightPuzzle/MagitechSTile (8) Past/Objects/DumbKid@0:0","Did you hear? Mommy said there was a wizard duel!","听老妈说有一场巫师决斗!!","",
"Map/EightPuzzle/MagitechSTile (8) Past/Objects/DumbKid@0:1","It was a tie though.","不过是平手.","",
"Map/EightPuzzle/MagitechSTile (8) Past/Objects/DumbKid@1:0","Kaboom!!!","大爆炸!!","",
"Map/EightPuzzle/MagitechSTile (8) Past/Objects/Loving Wife@0:0","My husband's a wizard! I'm so proud of him, though it doesn't always pay the bills...","我老公是个巫师!我当然为他骄傲--不过如果薪水能高一点就好了.","",
"Map/EightPuzzle/MagitechSTile (8) Past/Objects/Loving Wife@1:0","Oh my...","哦我的天...","",
"Map/EightPuzzle/MagitechSTile (8) Past/Objects/Responsible Citizen@0:0","I went to the burger unveiling, but some ruffian stole it! That dastardly criminal should pay for his crimes. ","我去了那个[汉堡]发布会,但是它不知道被哪个毛贼给偷走了!那个小偷应该被重罚.","",
"Map/EightPuzzle/MagitechSTile (8) Past/Objects/Responsible Citizen@1:0","If that's how it is, then I accept.","好吧,如果真的没办法的话...","",
"Map/EightPuzzle/MagitechSTile (8) Past/Objects/Responsible Citizen@1:1","I'll have to pay my respects and pack up while I can.","我只能打包离开了...","",
"Map/EightPuzzle/MagitechSTile (8) Past/Objects/Wizard@0:0","What makes the world spin..? Money!","什么能使鬼推磨?...钱!","",
"Map/EightPuzzle/MagitechSTile (8) Past/Objects/Wizard@0:1","You want my magic gem? One of my most prized possessions... You have it for a price...","想要我的魔法宝石--我最贵重的藏品之一?","",
"Map/EightPuzzle/MagitechSTile (8) Past/Objects/Wizard@0:2","Of <wavy>$1,000,000!</wavy> Good luck coming up with that money, chump!","哈哈,那可要<wavy>$1,000,000!</wavy> ,只收现金!","",
"Map/EightPuzzle/MagitechSTile (8) Past/Objects/Wizard@1:0","Some wizards say you shall not pass. But money is money.","有些巫师可能会大喊""你不准通过!!""--但我可不会错过任何收入.","",
"Map/EightPuzzle/MagitechSTile (8) Past/Objects/Wizard@2:0","What? NOOoo...","什么?不!!!","",
"Map/EightPuzzle/MagitechSTile (8) Past/Objects/Wizard@2:1","I'll never go! I have too many valuables!","我不会离开我的金银财宝的!","",
"Map/EightPuzzle/MagitechSTile (9) Past/Objects/ReflectionPool/Obelisk (1)/ObeliskSign@0:0","The time has come to ponder.","做出选择的时刻到了.","",
"Map/EightPuzzle/MagitechSTile (9) Past/Objects/ReflectionPool/Obelisk (2)/ObeliskSign@0:0","If you wish true power, you must forgo what is most valuable.","如果你需要[真正的力量],你必须放弃你[最珍重]的物品.","",
"Map/EightPuzzle/MagitechSTile (9) Past/Objects/ReflectionPool/Obelisk (3)/ObeliskSign@0:0","Then, you may attain what you need.","将它丢入此池,你才能获得你真正需要的东西.","",
"Map/EightPuzzle/MagitechSTile (9) Past/Objects/ReflectionPool/Pedestal/PedestalNPC@0:0","<wavy>Welcome to the Reflection Pool.</wavy>","<wavy>欢迎到访镜光池.</wavy>","",
"Map/EightPuzzle/MagitechSTile (9) Past/Objects/ReflectionPool/Pedestal/PedestalNPC@0:1","<wavy>Before you proceed, you must fix this world one last time.</wavy>","<wavy>在继续之前,你必须最后一次[修复]这个区域.</wavy>","",
"Map/EightPuzzle/MagitechSTile (9) Past/Objects/ReflectionPool/Pedestal/PedestalNPC@1:0","<wavy>Welcome to the Reflection Pool.</wavy>","<wavy>欢迎到访镜光池.</wavy>","",
"Map/EightPuzzle/MagitechSTile (9) Past/Objects/ReflectionPool/Pedestal/PedestalNPC@1:1","<wavy>You desire... <var>Cat</var>.</wavy>","<wavy>你的愿望是...<var>Cat</var>.</wavy>","",
"Map/EightPuzzle/MagitechSTile (9) Past/Objects/ReflectionPool/Pedestal/PedestalNPC@1:2","<wavy>Though I do not have what you seek, I have the path forward.</wavy>","<wavy>我没法直接把它交给你,但我有下一步的出路.</wavy>","",
"Map/EightPuzzle/MagitechSTile (9) Past/Objects/ReflectionPool/Pedestal/PedestalNPC@1:3","<wavy>If you wish for <var>Cat</var>, then leave the Artifact here.</wavy>","<wavy>想要见到<var>Cat</var>,你需要将那块[石板]交给我.</wavy>","",
"Map/EightPuzzle/MagitechSTile (9) Past/Objects/ReflectionPool/Pedestal/PedestalNPC@2:0","<wavy>You have done this world a great service.</wavy>","<wavy>你修复了这个世界--我代表它向你致谢.</wavy>","",
"Map/EightPuzzle/MagitechSTile (9) Past/Objects/ReflectionPool/Pedestal/PedestalNPC@2:1","<wavy>Goodbye, adventurer. May we one day meet again.</wavy>","<wavy>再见了,旅行者.我们终将再次见面.</wavy>","",
"Map/EightPuzzle/MagitechSTile (9)/All Tile Maps/House Tile Maps/Decorations/House1 bot right/Breadge Combination@AllCollected:0","Woah, you have them all!","哇,你把它们全部集齐了!","",
"Map/EightPuzzle/MagitechSTile (9)/All Tile Maps/House Tile Maps/Decorations/House1 bot right/Breadge Combination@MissingError:0","You should only be missing one but I'm not sure where -- something went wrong tell the devs!","游戏出错了:你应该还差一个但是程序并不知道是哪一个...请联系开发者!","",
"Map/EightPuzzle/MagitechSTile (9)/All Tile Maps/House Tile Maps/Decorations/House1 bot right/Breadge Combination@MissingMultiple:0","You're missing: <allAreas/>.","你还需要从以下区域收集:<allAreas/>.","",
"Map/EightPuzzle/MagitechSTile (9)/All Tile Maps/House Tile Maps/Decorations/House1 bot right/Breadge Combination@MissingOne:0","You're only missing the one from <area/>!","你离全收集只差 <area/>了!","",
"Map/EightPuzzle/MagitechSTile (9)/All Tile Maps/House Tile Maps/Decorations/House1 bot right/Breadge Combination@NoneCollected:0","You're missing... all of them!","你...什么也没有收集!","",
"Map/EightPuzzle/MagitechSTile (9)/All Tile Maps/House Tile Maps/Decorations/House1 bot right/Carly@0:0","Welcome to my bakery! Oh? You've met my brother?","欢迎来到我的面包房!哦?你见到了我的兄弟?","",
"Map/EightPuzzle/MagitechSTile (9)/All Tile Maps/House Tile Maps/Decorations/House1 bot right/Carly@0:1","Then you must know about our quest for the <wavy>Legendary Cheese Burger!</wavy>","那么你一定听说了我们寻找<wavy>传奇芝士堡</wavy>的经历!","",
"Map/EightPuzzle/MagitechSTile (9)/All Tile Maps/House Tile Maps/Decorations/House1 bot right/Carly@0:2","How many pieces of Breadge do you have?","你收集了多少[小面堡]?","",
"Map/EightPuzzle/MagitechSTile (9)/All Tile Maps/House Tile Maps/Decorations/House1 bot right/Carly@1:0","How many pieces of Breadge do you have?","你收集了多少[小面堡]?","",
"Map/EightPuzzle/MagitechSTile (9)/All Tile Maps/House Tile Maps/Decorations/House1 bot right/Carly@1:1","You're missing... all of them!","你...什么也没有收集!","",
"Map/EightPuzzle/MagitechSTile (9)/All Tile Maps/House Tile Maps/Decorations/House1 bot right/Carly@2:0","How many pieces of Breadge do you have?","你收集了多少[小面堡]?","",
"Map/EightPuzzle/MagitechSTile (9)/All Tile Maps/House Tile Maps/Decorations/House1 bot right/Carly@2:1","Woah, you have <var>MagiTechBreadgeAmount</var>!","哇,你已经收集了<var>MagiTechBreadgeAmount</var>个小面堡!","",
"Map/EightPuzzle/MagitechSTile (9)/All Tile Maps/House Tile Maps/Decorations/House1 bot right/Carly@2:2","<var>MagiTechBreadgeHint</var>","<var>MagiTechBreadgeHint</var>","",
"Map/EightPuzzle/MagitechSTile (9)/All Tile Maps/House Tile Maps/Decorations/House1 bot right/Carly@3:0","How many pieces of Breadge do you have?","你收集了多少[小面堡]?","",
"Map/EightPuzzle/MagitechSTile (9)/All Tile Maps/House Tile Maps/Decorations/House1 bot right/Carly@3:1","Woah... you have... all 9 of them!!","哇...你集齐了...全部9个!!","",
"Map/EightPuzzle/MagitechSTile (9)/All Tile Maps/House Tile Maps/Decorations/House1 bot right/Carly@3:2","Give them here, I'll combine them together!","把它们给我,我可以帮你[组装]传奇芝士堡!","",
"Map/EightPuzzle/MagitechSTile (9)/All Tile Maps/House Tile Maps/Decorations/House1 bot right/Carly@4:0","It's so... decadent...","它多么的...华丽...","",
"Map/EightPuzzle/MagitechSTile (9)/All Tile Maps/House Tile Maps/Decorations/House1 bot right/Carly@4:1","Breadge sandwiched in breadge sandwiched in breadge...","小面堡夹着小面堡,夹着小面堡...","",
"Map/EightPuzzle/MagitechSTile (9)/All Tile Maps/House Tile Maps/Decorations/House1 bot right/Carly@4:2","I can die in peace now. Thank you, explorer.","我死而无憾了.谢谢你,探险家.","",
"Map/EightPuzzle/MagitechSTile (9)/Objects/Barron@0:0","...","...","",
"Map/EightPuzzle/MagitechSTile (9)/Objects/Barron@1:0","You're the best intern we ever had, and we didn't even pay you!","你是我们至今最能干的实习生,我们甚至不用给你发薪水!","",
"Map/EightPuzzle/MagitechSTile (9)/Objects/Barron@1:1","I'll make sure our future interns are unpaid so we'll really get our money's worth!","我会确保今后的实习生都没有工资!","",
"Map/EightPuzzle/MagitechSTile (9)/Objects/Filler Scientist (2)@0:0","I hope you find <var>Cat</var> safely!","祝你一路平安,找到<var>Cat</var>!","",
"Map/EightPuzzle/MagitechSTile (9)/Objects/Flat Tire Guy@0:0","There's always something to fix...","总有需要维修的地方...","",
"Map/EightPuzzle/MagitechSTile (9)/Objects/On Duty Alien 4@0:0","...","...","",
"Map/EightPuzzle/MagitechSTile (9)/Objects/On Duty Alien 4@1:0","say hi to the homies for me.","请向我的同胞们问好~","",
"Map/EightPuzzle@MultiGemHint:0","Hmmm... the gems should be somewhere in this area. Can you get me: <remainingGems/>?","额...宝石应该在这个区域附近.能把这些宝石给我么:<remainingGems/>?","",
"Map/EightPuzzle@SingleGemHint:0","Uh oh, something went wrong! Make sure to get all the gems and let a dev know.","宝石提示出错了!请联系开发者们!","",
"Map/EightPuzzle@SingleGemHint:1","I heard the Village Gem was spotted near the laser.","我听说[小镇宝石]在激光炮的边上.","",
"Map/EightPuzzle@SingleGemHint:2","The Cave Gem was a part of some Desync experiments in the past.","[洞穴宝石]曾被用在[过去]某个关于时间分裂的实验里.","",
"Map/EightPuzzle@SingleGemHint:3","The Ocean gem..? Uh... something is wrong.","[海洋宝石]...?你应该已经捡到了!请联系开发者!","",
"Map/EightPuzzle@SingleGemHint:4","The Jungle gem was owned by the same wizard who made this recipe!","[雨林宝石]是一名巫师的藏品--他发明了这个配方!","",
"Map/EightPuzzle@SingleGemHint:5","I heard the Desert gem was lost in the ancient temple in the Impact Zone.","我听说[沙漠宝石]被遗失在了陨石坑那边一个古老的神庙里面.","",
"Map/EightPuzzle@SingleGemHint:6","The Factory gem should be in the museum.","[工厂宝石]应该在博物馆里.","",
"Map/EightPuzzle@SingleGemHint:7","The Mountain gem should be in the museum.","[山脉宝石]应该在博物馆里.","",
"Map/EightPuzzle@SingleGemHint:8","The Military gem was spotted behind one of the rocks in the past, towards the west.","[军队宝石]在[过去]的一块石头后面,应该在西边.","",
"Map/EightPuzzle@SingleGemHint:9","The MagiTech gem... is on the tile I haven't given you! Something went wrong!","[MRI宝石]...在我还没有给你的一个滑块上面!游戏出错了!","",
"Map/World Grid/Airlock/Airlock Scientist@0:0","H- Hello? Who are you?","你-你好?你是谁?","",
"Map/World Grid/Airlock/Airlock Scientist@0:1","Don't mind me, I'm not from around here either.","哦,不要在意,我也不是本地人.","",
"Map/World Grid/Airlock/Airlock Scientist@1:0","Hold on, I'm almost done setting everything up for this experiment!","等一下,我就快要准备好进行实验了!","",
"Map/World Grid/Airlock/Airlock Scientist@1:1","Come back in a bit, you can take part too.","过一会回来,你也可以参加实验!","",
"Map/World Grid/Airlock/Airlock Scientist@2:0","We've finally finished unpacking our research equipment.","我刚刚布置好实验器材.","",
"Map/World Grid/Airlock/Airlock Scientist@2:1","I'm investigating entangled items!","我正在研究被[纠缠]的物件!","",
"Map/World Grid/Airlock/Airlock Scientist@2:2","Whatttt, you wanted that gem? But it's already a part of the experiment!","什么?你想要那块宝石?但它是实验的一部分!","",
"Map/World Grid/Airlock/Airlock Scientist@2:3","We managed to entangle a conductive bob somewhere, it should help in finishing this.","我们成功纠缠住了一个[导电球]--虽然我并不清楚它在哪里,但是应该对实验有些作用...","",
"Map/World Grid/Airlock/Airlock Scientist@3:0","Aha, this appears to be the conductive bob from the present.","啊哈,这个是来自[现在]的导电球.","",
"Map/World Grid/Airlock/Airlock Scientist@4:0","Aha, this appears to be the conductive bob from the past.","啊哈,这个是来自[过去]的导电球.","",
"Map/World Grid/Airlock/Airlock Scientist@5:0","How fascinating! Moving the past item affects its future self.","多么神奇!移动[过去]的物件会影响它[未来]的状态.","",
"Map/World Grid/Airlock/Airlock Scientist@5:1","I will continue these experiments. We must understand it all.","我必须继续进行实验.还有太多的未知没有被破译!","",
"Map/World Grid/Airlock/Airlock Scientist@6:0","What?! Pack it up?? But the experiments just started!","什么?打包走人?!但是实验才刚刚开始!","",
"Map/World Grid/BaseDecorations/Bottom/Left/TruckHorizontal/Drew@0:0","Dump truck delivered.","货车到站.","",
"Map/World Grid/BaseDecorations/Bottom/Left/TruckHorizontal/Drew@1:0","Where should I put my dump truck now?","现在我该把它停到哪里?","",
"Map/World Grid/BaseDecorations/Desert/Outside/Camper@0:0","Oh jeez! My fire's dying but I don't have any wood.","哦天哪!我没有更多的柴火可烧了!","",
"Map/World Grid/BaseDecorations/Desert/Outside/Camper@1:0","Yes!! Time to boil some noodles!","太好了!!是时候煮点面条了!","",
"Map/World Grid/BaseDecorations/Desert/Outside/Camper@2:0","Mmmm, those noodles were de-lec-ta-ble!","面条~真香~","",
"Map/World Grid/BaseDecorations/Desert/T3/VIP Bro@0:0","Studies suggest there are all kinds of relics still down there!","有研究声称,这下面埋着一大堆古代的遗物.","",
"Map/World Grid/BaseDecorations/Desert/T3/VIP Bro@1:0","I hope there are dinosaurs too.","我希望能挖出个恐龙来.","",
"Map/World Grid/BaseDecorations/Desert/T3/VIP Bro@2:0","Good heavens, what are you doing?","天哪,你在干什么?","",
"Map/World Grid/BaseObjects/Barry@0:0","Some good weather for once at the MRI. How about a picnic for lunch Wags?","MRI的天气真好.要不要去野餐,老瓦?","",
"Map/World Grid/BaseObjects/Barry@1:0","Perfect weather for your launch!","正是发射火箭的好天气!","",
"Map/World Grid/BaseObjects/Gems Turn-In/Alchemist Muta@0:0","Believe it or not, magic is real! Alchemy too!","嘿,我可不管你信不信.[魔法]可不是杜撰的,还有[炼金术]!!","",
"Map/World Grid/BaseObjects/Gems Turn-In/Alchemist Muta@0:1","I heard you got permission to ride the rocket. Problem is, it has no fuel.","听说你要去太空旅行了,但是没有足够的[燃料].","",
"Map/World Grid/BaseObjects/Gems Turn-In/Alchemist Muta@0:2","But! This here Gem-Fuel machine can convert magic gems into fuel for a rocket.","还好我这里正好有一台[宝石炼金仪]-它能把多种魔法宝石融合转化为火箭燃料.","",
"Map/World Grid/BaseObjects/Gems Turn-In/Alchemist Muta@0:3","Here, go ahead and try putting that blue gem over there into the fuel converter.","试着把这块蓝色宝石放到那个槽位上.","",
"Map/World Grid/BaseObjects/Gems Turn-In/Alchemist Muta@1:0","Once you find the other 8 gems, we can distill their essence into powerful, magical fuel!","只要找到另外8颗不同的宝石,就可以启动仪器并制造出强力的魔法燃料!","",
"Map/World Grid/BaseObjects/Gems Turn-In/Alchemist Muta@1:1","Take this <wavy>Gem Transporter</wavy>. It'll automatically teleport any gems you find to the alchemy machine.","不过我可不需要你来回跑腿,这个<wavy>宝石传送器</wavy>会自动把你收集到的宝石传送到对应的槽位上.","",
"Map/World Grid/BaseObjects/Gems Turn-In/Alchemist Muta@2:0","Here, let me take out that Ocean gem for you so you can try it out.","我把[海洋宝石]拿出来给你做个示范:传送器会自动把它送回这里.","",
"Map/World Grid/BaseObjects/Gems Turn-In/Alchemist Muta@3:0","Good luck out there. Only <var>magiTechNumRemainingGems</var> gems left.","只缺 <var>magiTechNumRemainingGems</var>块宝石了.祝好运~","",
"Map/World Grid/BaseObjects/Gems Turn-In/Alchemist Muta@4:0","That Gem-Fuel Recipe! Where did you get it!?","那个[宝石燃料配方]!你是从哪里哪来的?!","",
"Map/World Grid/BaseObjects/Gems Turn-In/Alchemist Muta@4:1","Hmm... it looks like we're a few gems short.","看起来我们还缺几块宝石...","",
"Map/World Grid/BaseObjects/Gems Turn-In/Alchemist Muta@4:2","<var>MagitechGemFuelHint</var>","<var>MagitechGemFuelHint</var>","",
"Map/World Grid/BaseObjects/Gems Turn-In/Alchemist Muta@5:0","Aha, the Gem-Fuel Recipe! It's nearly complete!","啊哈,我们快要凑齐[宝石燃料配方]的材料了.","",
"Map/World Grid/BaseObjects/Gems Turn-In/Alchemist Muta@5:1","Once we get the final gem, we mix them and super-power the rocket.","只要拿到最后一块宝石,我们就能制造出""超级燃料""了!","",
"Map/World Grid/BaseObjects/Gems Turn-In/Alchemist Muta@6:0","We just need the last gem! It should be in the past.","我们只需要最后一块宝石了!它应该在[过去].","",
"Map/World Grid/BaseObjects/Gems Turn-In/Alchemist Muta@7:0","All of the gems are here! Let's get the Gem Fuel pumping!","集齐所有宝石了!","",
"Map/World Grid/BaseObjects/Wagner@0:0","Say Barry, it's a fine day at the Magic Research Institute isn't it?","巴里,MRI的天气真好,不是么?","",
"Map/World Grid/BaseObjects/Wagner@1:0","Research wouldn't be so advanced without you.","我们的研究成果少不了你的贡献.","",
"Map/World Grid/Past South/Factory Copy Decorations/Explosive Man@0:0","Har har har these explosives are so *powerful*","吼.吼.吼.这些爆炸物太""劲爆""了.","",
"Map/World Grid/Past South/Factory Copy Decorations/Explosive Man@0:1","Haha get it, they're such a *blast*","哈哈,懂吗?""劲爆""--因为它,它会,它会""爆"".","",
"Map/World Grid/Past South/Factory Copy Decorations/Explosive Man@1:0","Woah.","哇.","",
"Map/World Grid/Past South/Factory Copy Decorations/Explosive Man@1:1","That one really *knocked my socks off*","那一下真的使我""震""惊.","",
"Map/World Grid/Past South/Factory Copy Decorations/Explosive Man@2:0","You're back! It's always a *blast* to have you around.","你回来了!哈哈,我""响死""你啦.","",
"Map/World Grid/Past West/Archeologist@0:0","THE WIZARDING ERA IS REEEAAAAAALLLLLLLL","[巫师时代]是真的!1!!!1!!!","",
"Map/World Grid/Past West/Archeologist@0:1","w-w-w-whe-sdfwefl-wheRE DO I EVEN START","哈佛格apwef拉斯反馈agh;asla","",
"Map/World Grid/Past West/Archeologist@0:2","i- i need to write this all down!","我-我需要全部记下来!","",
"Map/World Grid/Past West/Archeologist@1:0","i- i need to write this all down!","我-我需要全部记下来!","",
"Map/World Grid/Past West/Archeologist@1:1","wait.. chad??","等等...大碴??","",
"Map/World Grid/Past West/Archeologist@2:0","chad, whats wrong??","你怎么了?","",
"Map/World Grid/Past West/Archeologist@2:1","chad...","大碴...","",
"Map/World Grid/Past West/Archeologist@2:2","chad... im sorry... i should have noticed sooner.","大碴...抱歉...我应该早点注意到的.","",
"Map/World Grid/Past West/Archeologist@2:3","but you shouldnt feel bad! youve done so much to help me!","--你不应该自卑!你做出了很多贡献!","",
"Map/World Grid/Past West/Archeologist@2:4","you helped us journey to this continent, and you even found relics in the village and jungle!","你帮助我们一路走到了这里,还[发现]了小镇和雨林里的古遗物!","",
"Map/World Grid/Past West/Archeologist@2:5","stop comparing yourself to others. think about what <wavy>you</wavy> can do!","不要老是和别人对比了,多想想<wavy>你自己</wavy>能做到的!","",
"Map/World Grid/Past West/Archeologist@3:0","youll get through it chad. i know you will!!","希望你能早点好起来.你一定可以的!!!","",
"Map/World Grid/Past West/Archeologist@4:0","oMG this cant be real","哇,难以置信--","",
"Map/World Grid/Past West/Archeologist@4:1","if i do recall, this is the legendary battle between Ignis and Galvic!!","这应该是传说中[火焰巫师伊格尼斯]和[雷电巫师加尔维克]的对决!","",
"Map/World Grid/Past West/Archeologist@4:2","ive gotta sketch this quick!","我要画下来!","",
"Map/World Grid/Past West/Archeologist@5:0","this castle...","这个城堡...","",
"Map/World Grid/Past West/Archeologist@5:1","there are no remnants of it today! where did it go??","至今并没有发现过任何遗迹!它消失去哪里了?","",
"Map/World Grid/Past West/Archeologist@6:0","hmm...? what could this be?","这...这是什么?","",
"Map/World Grid/Past West/Archeologist@6:1","something unknown? how exciting!!","一个谁也猜不到是什么的物件?我好激动!!","",
"Map/World Grid/Past West/Archeologist@7:0","woah... what is this..?","哇...这是...?","",
"Map/World Grid/Past West/Archeologist@7:1","some sort of... pool of energy?","某种...池子状的[能量]聚合?","",
"Map/World Grid/Past West/Archeologist@8:0","i recognize this.","我认识这个.","",
"Map/World Grid/Past West/Archeologist@8:1","this is the same pedestal as in the desert temple!","沙漠神庙里面有一个一摸一样的[基座].","",
"Map/World Grid/Past West/Archeologist@8:2","it looks like a slot for your artifact.","那个[空槽]的尺寸好像和你那块石板一摸一样.","",
"Map/World Grid/Past West/Archeologist@9:0","woaH","哇!","",
"Map/World Grid/Past West/Archeologist@9:1","thats the final gem, you got all 9!!","那是最后一块宝石,你收集了全部9块!","",
"Map/World Grid/Past West/Archeologist@9:2","it looks like it wants you to leave the artifact here... whoever ""it"" is...","看起来[它]想让你把石板留下来...虽然我并不清楚[它]到底是个什么东西...","",
"Map/World Grid/Past West/Archeologist@9:3","well!","好吧!","",
"Map/World Grid/Past West/Archeologist@9:4","explorer! im so glad we got to go on this journey together!","探险家!我很有幸与你一同旅行!","",
"Map/World Grid/Past West/Archeologist@9:5","theres been so many new revelations... new relics... a whole new society!!!!","我们的发现打破了许多常识--我们破解了那么多的神秘遗迹,还发现了一个新的文明!!!!","",
"Map/World Grid/Past West/Archeologist@9:6","i better get an award for all the writing im about to do","我等不及写下我的传世杰作了!","",
"Map/World Grid/Past West/Archeologist@9:7","oh!! and thanks for helping cheer chad up, it's been a whole journey for him too","对了!!谢谢你帮大碴振作起来,这次旅行对他来说一定也很有意义吧.","",
"Map/World Grid/Past West/Archeologist@9:8",":3",":3","",
"Map/World Grid/Present South/Future South/Baboon@0:0","...","...","",
"Map/World Grid/Present South/Future South/Baboon@1:0","Space is waayyyy too far from the ground. No thanks.","太空离地太--远了,我可不去.","",
"Map/World Grid/Present South/Future South/Burt the Craftsman@0:0","...","...","",
"Map/World Grid/Present South/Future South/Burt the Craftsman@1:0","I wonder if they'd let me ""borrow"" some of those gems...","真希望我能""借来""一些宝石...","",
"Map/EightPuzzle/MagitechSTile (1) Past/Objects/Portal Operator 1/Canvas/Dialogue","","","enableWordWrapping:1;extraPadding:0;family:TinyUnicode SDF;fontSize:1;lineSpacing:-45;overflowMode:Overflow;wordSpacing:-10;",
"Map/EightPuzzle/MagitechSTile (1) Past/Objects/Portal Operator 1/Canvas/Dialogue BG Font","","","enableWordWrapping:1;extraPadding:0;family:PixelUnicodeFill;fontSize:1;lineSpacing:-66;overflowMode:Overflow;wordSpacing:5.6;",
"Map/EightPuzzle/MagitechSTile (1)/Objects/Chad/Canvas/Dialogue","","","enableWordWrapping:1;extraPadding:0;family:TinyUnicode SDF;fontSize:1;lineSpacing:-45;overflowMode:Overflow;wordSpacing:-10;",
"Map/EightPuzzle/MagitechSTile (1)/Objects/Chad/Canvas/Dialogue BG Font","","","enableWordWrapping:1;extraPadding:0;family:PixelUnicodeFill;fontSize:1;lineSpacing:-66;overflowMode:Overflow;wordSpacing:5.6;",
"Map/EightPuzzle/MagitechSTile (1)/Objects/Fezziwig/Canvas/Dialogue","","","enableWordWrapping:1;extraPadding:0;family:TinyUnicode SDF;fontSize:1;lineSpacing:-45;overflowMode:Overflow;wordSpacing:-10;",
"Map/EightPuzzle/MagitechSTile (1)/Objects/Fezziwig/Canvas/Dialogue BG Font","","","enableWordWrapping:1;extraPadding:0;family:PixelUnicodeFill;fontSize:1;lineSpacing:-66;overflowMode:Overflow;wordSpacing:5.6;",
"Map/EightPuzzle/MagitechSTile (1)/Objects/Portal Operator 2/Canvas/Dialogue","","","enableWordWrapping:1;extraPadding:0;family:TinyUnicode SDF;fontSize:1;lineSpacing:-45;overflowMode:Overflow;wordSpacing:-10;",
"Map/EightPuzzle/MagitechSTile (1)/Objects/Portal Operator 2/Canvas/Dialogue BG Font","","","enableWordWrapping:1;extraPadding:0;family:PixelUnicodeFill;fontSize:1;lineSpacing:-66;overflowMode:Overflow;wordSpacing:5.6;",
"Map/EightPuzzle/MagitechSTile (2) Past/Objects/Explosives Man/Canvas/Dialogue","","","enableWordWrapping:1;extraPadding:0;family:TinyUnicode SDF;fontSize:1;lineSpacing:-45;overflowMode:Overflow;wordSpacing:-10;",
"Map/EightPuzzle/MagitechSTile (2) Past/Objects/Explosives Man/Canvas/Dialogue BG Font","","","enableWordWrapping:1;extraPadding:0;family:PixelUnicodeFill;fontSize:1;lineSpacing:-66;overflowMode:Overflow;wordSpacing:5.6;",
"Map/EightPuzzle/MagitechSTile (2) Past/Objects/NPC Bomb Sign/Canvas/Dialogue","","","enableWordWrapping:1;extraPadding:0;family:TinyUnicode SDF;fontSize:1;lineSpacing:-45;overflowMode:Overflow;wordSpacing:-10;",
"Map/EightPuzzle/MagitechSTile (2) Past/Objects/NPC Bomb Sign/Canvas/Dialogue BG Font","","","enableWordWrapping:1;extraPadding:0;family:PixelUnicodeFill;fontSize:1;lineSpacing:-66;overflowMode:Overflow;wordSpacing:5.6;",
"Map/EightPuzzle/MagitechSTile (2)/Objects/Foreman/Canvas/Dialogue","","","enableWordWrapping:1;extraPadding:0;family:TinyUnicode SDF;fontSize:1;lineSpacing:-45;overflowMode:Overflow;wordSpacing:-10;",
"Map/EightPuzzle/MagitechSTile (2)/Objects/Foreman/Canvas/Dialogue BG Font","","","enableWordWrapping:1;extraPadding:0;family:PixelUnicodeFill;fontSize:1;lineSpacing:-66;overflowMode:Overflow;wordSpacing:5.6;",
"Map/EightPuzzle/MagitechSTile (2)/Objects/Laser Operator/Canvas/Dialogue","","","enableWordWrapping:1;extraPadding:0;family:TinyUnicode SDF;fontSize:1;lineSpacing:-45;overflowMode:Overflow;wordSpacing:-10;",
"Map/EightPuzzle/MagitechSTile (2)/Objects/Laser Operator/Canvas/Dialogue BG Font","","","enableWordWrapping:1;extraPadding:0;family:PixelUnicodeFill;fontSize:1;lineSpacing:-66;overflowMode:Overflow;wordSpacing:5.6;",
"Map/EightPuzzle/MagitechSTile (3) Past/Objects/NPC Bomb Sign/Canvas/Dialogue","","","enableWordWrapping:1;extraPadding:0;family:TinyUnicode SDF;fontSize:1;lineSpacing:-45;overflowMode:Overflow;wordSpacing:-10;",
"Map/EightPuzzle/MagitechSTile (3) Past/Objects/NPC Bomb Sign/Canvas/Dialogue BG Font","","","enableWordWrapping:1;extraPadding:0;family:PixelUnicodeFill;fontSize:1;lineSpacing:-66;overflowMode:Overflow;wordSpacing:5.6;",
"Map/EightPuzzle/MagitechSTile (3) Past/Objects/WizardDuelPuzzle/Fire Wizard Past/Canvas/Dialogue","","","enableWordWrapping:1;extraPadding:0;family:TinyUnicode SDF;fontSize:1;lineSpacing:-45;overflowMode:Overflow;wordSpacing:-10;",
"Map/EightPuzzle/MagitechSTile (3) Past/Objects/WizardDuelPuzzle/Fire Wizard Past/Canvas/Dialogue BG Font","","","enableWordWrapping:1;extraPadding:0;family:PixelUnicodeFill;fontSize:1;lineSpacing:-66;overflowMode:Overflow;wordSpacing:5.6;",
"Map/EightPuzzle/MagitechSTile (3) Past/Objects/WizardDuelPuzzle/Lightning Wizard Past/Canvas/Dialogue","","","enableWordWrapping:1;extraPadding:0;family:TinyUnicode SDF;fontSize:1;lineSpacing:-45;overflowMode:Overflow;wordSpacing:-10;",
"Map/EightPuzzle/MagitechSTile (3) Past/Objects/WizardDuelPuzzle/Lightning Wizard Past/Canvas/Dialogue BG Font","","","enableWordWrapping:1;extraPadding:0;family:PixelUnicodeFill;fontSize:1;lineSpacing:-66;overflowMode:Overflow;wordSpacing:5.6;",
"Map/EightPuzzle/MagitechSTile (3)/All Tile Maps/House Tile Maps/Decorations/Curator/Canvas/Dialogue","","","enableWordWrapping:1;extraPadding:0;family:TinyUnicode SDF;fontSize:1;lineSpacing:-45;overflowMode:Overflow;wordSpacing:-10;",
"Map/EightPuzzle/MagitechSTile (3)/All Tile Maps/House Tile Maps/Decorations/Curator/Canvas/Dialogue BG Font","","","enableWordWrapping:1;extraPadding:0;family:PixelUnicodeFill;fontSize:1;lineSpacing:-66;overflowMode:Overflow;wordSpacing:5.6;",
"Map/EightPuzzle/MagitechSTile (4) Past/Objects/Burger Puzzle/Hungry Ol Chap/Canvas/Dialogue","","","enableWordWrapping:1;extraPadding:0;family:TinyUnicode SDF;fontSize:1;lineSpacing:-45;overflowMode:Overflow;wordSpacing:-10;",
"Map/EightPuzzle/MagitechSTile (4) Past/Objects/Burger Puzzle/Hungry Ol Chap/Canvas/Dialogue BG Font","","","enableWordWrapping:1;extraPadding:0;family:PixelUnicodeFill;fontSize:1;lineSpacing:-66;overflowMode:Overflow;wordSpacing:5.6;",
"Map/EightPuzzle/MagitechSTile (4) Past/Objects/Shrooms Puzzle/Anti-Shroom Wizard/Canvas/Dialogue","","","enableWordWrapping:1;extraPadding:0;family:TinyUnicode SDF;fontSize:1;lineSpacing:-45;overflowMode:Overflow;wordSpacing:-10;",
"Map/EightPuzzle/MagitechSTile (4) Past/Objects/Shrooms Puzzle/Anti-Shroom Wizard/Canvas/Dialogue BG Font","","","enableWordWrapping:1;extraPadding:0;family:PixelUnicodeFill;fontSize:1;lineSpacing:-66;overflowMode:Overflow;wordSpacing:5.6;",
"Map/EightPuzzle/MagitechSTile (4)/Objects/Bob/Canvas/Dialogue","","","enableWordWrapping:1;extraPadding:0;family:TinyUnicode SDF;fontSize:1;lineSpacing:-45;overflowMode:Overflow;wordSpacing:-10;",
"Map/EightPuzzle/MagitechSTile (4)/Objects/Bob/Canvas/Dialogue BG Font","","","enableWordWrapping:1;extraPadding:0;family:PixelUnicodeFill;fontSize:1;lineSpacing:-66;overflowMode:Overflow;wordSpacing:5.6;",
"Map/EightPuzzle/MagitechSTile (4)/Objects/Burger Puzzle/Hungry Worker/Canvas/Dialogue","","","enableWordWrapping:1;extraPadding:0;family:TinyUnicode SDF;fontSize:1;lineSpacing:-45;overflowMode:Overflow;wordSpacing:-10;",
"Map/EightPuzzle/MagitechSTile (4)/Objects/Burger Puzzle/Hungry Worker/Canvas/Dialogue BG Font","","","enableWordWrapping:1;extraPadding:0;family:PixelUnicodeFill;fontSize:1;lineSpacing:-66;overflowMode:Overflow;wordSpacing:5.6;",
"Map/EightPuzzle/MagitechSTile (4)/Objects/Commander/Canvas/Dialogue","","","enableWordWrapping:1;extraPadding:0;family:TinyUnicode SDF;fontSize:1;lineSpacing:-45;overflowMode:Overflow;wordSpacing:-10;",
"Map/EightPuzzle/MagitechSTile (4)/Objects/Commander/Canvas/Dialogue BG Font","","","enableWordWrapping:1;extraPadding:0;family:PixelUnicodeFill;fontSize:1;lineSpacing:-66;overflowMode:Overflow;wordSpacing:5.6;",
"Map/EightPuzzle/MagitechSTile (4)/Objects/Kevin/Canvas/Dialogue","","","enableWordWrapping:1;extraPadding:0;family:TinyUnicode SDF;fontSize:1;lineSpacing:-45;overflowMode:Overflow;wordSpacing:-10;",
"Map/EightPuzzle/MagitechSTile (4)/Objects/Kevin/Canvas/Dialogue BG Font","","","enableWordWrapping:1;extraPadding:0;family:PixelUnicodeFill;fontSize:1;lineSpacing:-66;overflowMode:Overflow;wordSpacing:5.6;",
"Map/EightPuzzle/MagitechSTile (4)/Objects/Pierre/Canvas/Dialogue","","","enableWordWrapping:1;extraPadding:0;family:TinyUnicode SDF;fontSize:1;lineSpacing:-45;overflowMode:Overflow;wordSpacing:-10;",
"Map/EightPuzzle/MagitechSTile (4)/Objects/Pierre/Canvas/Dialogue BG Font","","","enableWordWrapping:1;extraPadding:0;family:PixelUnicodeFill;fontSize:1;lineSpacing:-66;overflowMode:Overflow;wordSpacing:5.6;",
"Map/EightPuzzle/MagitechSTile (5) Past/All Tile Maps/Tile Maps/Decorations/Castle Lookout/Canvas/Dialogue","","","enableWordWrapping:1;extraPadding:0;family:TinyUnicode SDF;fontSize:1;lineSpacing:-45;overflowMode:Overflow;wordSpacing:-10;",
"Map/EightPuzzle/MagitechSTile (5) Past/All Tile Maps/Tile Maps/Decorations/Castle Lookout/Canvas/Dialogue BG Font","","","enableWordWrapping:1;extraPadding:0;family:PixelUnicodeFill;fontSize:1;lineSpacing:-66;overflowMode:Overflow;wordSpacing:5.6;",
"Map/EightPuzzle/MagitechSTile (5)/Objects/Contractor/Canvas/Dialogue","","","enableWordWrapping:1;extraPadding:0;family:TinyUnicode SDF;fontSize:1;lineSpacing:-45;overflowMode:Overflow;wordSpacing:-10;",
"Map/EightPuzzle/MagitechSTile (5)/Objects/Contractor/Canvas/Dialogue BG Font","","","enableWordWrapping:1;extraPadding:0;family:PixelUnicodeFill;fontSize:1;lineSpacing:-66;overflowMode:Overflow;wordSpacing:5.6;",
"Map/EightPuzzle/MagitechSTile (6) Past/Objects/NPC Bomb Sign/Canvas/Dialogue","","","enableWordWrapping:1;extraPadding:0;family:TinyUnicode SDF;fontSize:1;lineSpacing:-45;overflowMode:Overflow;wordSpacing:-10;",
"Map/EightPuzzle/MagitechSTile (6) Past/Objects/NPC Bomb Sign/Canvas/Dialogue BG Font","","","enableWordWrapping:1;extraPadding:0;family:PixelUnicodeFill;fontSize:1;lineSpacing:-66;overflowMode:Overflow;wordSpacing:5.6;",
"Map/EightPuzzle/MagitechSTile (6)/Objects/Elevator Builder/Canvas/Dialogue","","","enableWordWrapping:1;extraPadding:0;family:TinyUnicode SDF;fontSize:1;lineSpacing:-45;overflowMode:Overflow;wordSpacing:-10;",
"Map/EightPuzzle/MagitechSTile (6)/Objects/Elevator Builder/Canvas/Dialogue BG Font","","","enableWordWrapping:1;extraPadding:0;family:PixelUnicodeFill;fontSize:1;lineSpacing:-66;overflowMode:Overflow;wordSpacing:5.6;",
"Map/EightPuzzle/MagitechSTile (6)/Objects/Exploresse/Canvas/Dialogue","","","enableWordWrapping:1;extraPadding:0;family:TinyUnicode SDF;fontSize:1;lineSpacing:-45;overflowMode:Overflow;wordSpacing:-10;",
"Map/EightPuzzle/MagitechSTile (6)/Objects/Exploresse/Canvas/Dialogue BG Font","","","enableWordWrapping:1;extraPadding:0;family:PixelUnicodeFill;fontSize:1;lineSpacing:-66;overflowMode:Overflow;wordSpacing:5.6;",
"Map/EightPuzzle/MagitechSTile (6)/Objects/Gene/Canvas/Dialogue","","","enableWordWrapping:1;extraPadding:0;family:TinyUnicode SDF;fontSize:1;lineSpacing:-45;overflowMode:Overflow;wordSpacing:-10;",
"Map/EightPuzzle/MagitechSTile (6)/Objects/Gene/Canvas/Dialogue BG Font","","","enableWordWrapping:1;extraPadding:0;family:PixelUnicodeFill;fontSize:1;lineSpacing:-66;overflowMode:Overflow;wordSpacing:5.6;",
"Map/EightPuzzle/MagitechSTile (6)/Objects/RocketEngineer/Canvas/Dialogue","","","enableWordWrapping:1;extraPadding:0;family:TinyUnicode SDF;fontSize:1;lineSpacing:-45;overflowMode:Overflow;wordSpacing:-10;",
"Map/EightPuzzle/MagitechSTile (6)/Objects/RocketEngineer/Canvas/Dialogue BG Font","","","enableWordWrapping:1;extraPadding:0;family:PixelUnicodeFill;fontSize:1;lineSpacing:-66;overflowMode:Overflow;wordSpacing:5.6;",
"Map/EightPuzzle/MagitechSTile (6)/Objects/ServerBot-1/Canvas/Dialogue","","","enableWordWrapping:1;extraPadding:0;family:TinyUnicode SDF;fontSize:1;lineSpacing:-45;overflowMode:Overflow;wordSpacing:-10;",
"Map/EightPuzzle/MagitechSTile (6)/Objects/ServerBot-1/Canvas/Dialogue BG Font","","","enableWordWrapping:1;extraPadding:0;family:PixelUnicodeFill;fontSize:1;lineSpacing:-66;overflowMode:Overflow;wordSpacing:5.6;",
"Map/EightPuzzle/MagitechSTile (7) Past/Objects/VIP Brother/Canvas/Dialogue","","","enableWordWrapping:1;extraPadding:0;family:TinyUnicode SDF;fontSize:1;lineSpacing:-45;overflowMode:Overflow;wordSpacing:-10;",
"Map/EightPuzzle/MagitechSTile (7) Past/Objects/VIP Brother/Canvas/Dialogue BG Font","","","enableWordWrapping:1;extraPadding:0;family:PixelUnicodeFill;fontSize:1;lineSpacing:-66;overflowMode:Overflow;wordSpacing:5.6;",
"Map/EightPuzzle/MagitechSTile (7)/All Tile Maps/House Tile Maps/Decorations/Robot Calculator/Canvas/Dialogue","","","enableWordWrapping:1;extraPadding:0;family:TinyUnicode SDF;fontSize:1;lineSpacing:-45;overflowMode:Overflow;wordSpacing:-10;",
"Map/EightPuzzle/MagitechSTile (7)/All Tile Maps/House Tile Maps/Decorations/Robot Calculator/Canvas/Dialogue BG Font","","","enableWordWrapping:1;extraPadding:0;family:PixelUnicodeFill;fontSize:1;lineSpacing:-66;overflowMode:Overflow;wordSpacing:5.6;",
"Map/EightPuzzle/MagitechSTile (7)/All Tile Maps/House Tile Maps/Decorations/Sara/Canvas/Dialogue","","","enableWordWrapping:1;extraPadding:0;family:TinyUnicode SDF;fontSize:1;lineSpacing:-45;overflowMode:Overflow;wordSpacing:-10;",
"Map/EightPuzzle/MagitechSTile (7)/All Tile Maps/House Tile Maps/Decorations/Sara/Canvas/Dialogue BG Font","","","enableWordWrapping:1;extraPadding:0;family:PixelUnicodeFill;fontSize:1;lineSpacing:-66;overflowMode:Overflow;wordSpacing:5.6;",
"Map/EightPuzzle/MagitechSTile (7)/Objects/Vault Tech/Canvas/Dialogue","","","enableWordWrapping:1;extraPadding:0;family:TinyUnicode SDF;fontSize:1;lineSpacing:-45;overflowMode:Overflow;wordSpacing:-10;",
"Map/EightPuzzle/MagitechSTile (7)/Objects/Vault Tech/Canvas/Dialogue BG Font","","","enableWordWrapping:1;extraPadding:0;family:PixelUnicodeFill;fontSize:1;lineSpacing:-66;overflowMode:Overflow;wordSpacing:5.6;",
"Map/EightPuzzle/MagitechSTile (8) Past/All Tile Maps/House Tile Maps/Decorations/House4/Gem Wizard Sign/Canvas/Dialogue","","","enableWordWrapping:1;extraPadding:0;family:TinyUnicode SDF;fontSize:1;lineSpacing:-45;overflowMode:Overflow;wordSpacing:-10;",
"Map/EightPuzzle/MagitechSTile (8) Past/All Tile Maps/House Tile Maps/Decorations/House4/Gem Wizard Sign/Canvas/Dialogue BG Font","","","enableWordWrapping:1;extraPadding:0;family:PixelUnicodeFill;fontSize:1;lineSpacing:-66;overflowMode:Overflow;wordSpacing:5.6;",
"Map/EightPuzzle/MagitechSTile (8) Past/Objects/AmbitiousKid/Canvas/Dialogue","","","enableWordWrapping:1;extraPadding:0;family:TinyUnicode SDF;fontSize:1;lineSpacing:-45;overflowMode:Overflow;wordSpacing:-10;",
"Map/EightPuzzle/MagitechSTile (8) Past/Objects/AmbitiousKid/Canvas/Dialogue BG Font","","","enableWordWrapping:1;extraPadding:0;family:PixelUnicodeFill;fontSize:1;lineSpacing:-66;overflowMode:Overflow;wordSpacing:5.6;",
"Map/EightPuzzle/MagitechSTile (8) Past/Objects/Curious Citizen/Canvas/Dialogue","","","enableWordWrapping:1;extraPadding:0;family:TinyUnicode SDF;fontSize:1;lineSpacing:-45;overflowMode:Overflow;wordSpacing:-10;",
"Map/EightPuzzle/MagitechSTile (8) Past/Objects/Curious Citizen/Canvas/Dialogue BG Font","","","enableWordWrapping:1;extraPadding:0;family:PixelUnicodeFill;fontSize:1;lineSpacing:-66;overflowMode:Overflow;wordSpacing:5.6;",
"Map/EightPuzzle/MagitechSTile (8) Past/Objects/DumbKid/Canvas/Dialogue","","","enableWordWrapping:1;extraPadding:0;family:TinyUnicode SDF;fontSize:1;lineSpacing:-45;overflowMode:Overflow;wordSpacing:-10;",
"Map/EightPuzzle/MagitechSTile (8) Past/Objects/DumbKid/Canvas/Dialogue BG Font","","","enableWordWrapping:1;extraPadding:0;family:PixelUnicodeFill;fontSize:1;lineSpacing:-66;overflowMode:Overflow;wordSpacing:5.6;",
"Map/EightPuzzle/MagitechSTile (8) Past/Objects/Loving Wife/Canvas/Dialogue","","","enableWordWrapping:1;extraPadding:0;family:TinyUnicode SDF;fontSize:1;lineSpacing:-45;overflowMode:Overflow;wordSpacing:-10;",
"Map/EightPuzzle/MagitechSTile (8) Past/Objects/Loving Wife/Canvas/Dialogue BG Font","","","enableWordWrapping:1;extraPadding:0;family:PixelUnicodeFill;fontSize:1;lineSpacing:-66;overflowMode:Overflow;wordSpacing:5.6;",
"Map/EightPuzzle/MagitechSTile (8) Past/Objects/Responsible Citizen/Canvas/Dialogue","","","enableWordWrapping:1;extraPadding:0;family:TinyUnicode SDF;fontSize:1;lineSpacing:-45;overflowMode:Overflow;wordSpacing:-10;",
"Map/EightPuzzle/MagitechSTile (8) Past/Objects/Responsible Citizen/Canvas/Dialogue BG Font","","","enableWordWrapping:1;extraPadding:0;family:PixelUnicodeFill;fontSize:1;lineSpacing:-66;overflowMode:Overflow;wordSpacing:5.6;",
"Map/EightPuzzle/MagitechSTile (8) Past/Objects/Wizard/Canvas/Dialogue","","","enableWordWrapping:1;extraPadding:0;family:TinyUnicode SDF;fontSize:1;lineSpacing:-45;overflowMode:Overflow;wordSpacing:-10;",
"Map/EightPuzzle/MagitechSTile (8) Past/Objects/Wizard/Canvas/Dialogue BG Font","","","enableWordWrapping:1;extraPadding:0;family:PixelUnicodeFill;fontSize:1;lineSpacing:-66;overflowMode:Overflow;wordSpacing:5.6;",
"Map/EightPuzzle/MagitechSTile (9) Past/Objects/ReflectionPool/Obelisk (1)/ObeliskSign/Canvas/Dialogue","","","enableWordWrapping:1;extraPadding:0;family:TinyUnicode SDF;fontSize:1;lineSpacing:-45;overflowMode:Overflow;wordSpacing:-10;",
"Map/EightPuzzle/MagitechSTile (9) Past/Objects/ReflectionPool/Obelisk (1)/ObeliskSign/Canvas/Dialogue BG Font","","","enableWordWrapping:1;extraPadding:0;family:PixelUnicodeFill;fontSize:1;lineSpacing:-66;overflowMode:Overflow;wordSpacing:5.6;",
"Map/EightPuzzle/MagitechSTile (9) Past/Objects/ReflectionPool/Obelisk (2)/ObeliskSign/Canvas/Dialogue","","","enableWordWrapping:1;extraPadding:0;family:TinyUnicode SDF;fontSize:1;lineSpacing:-45;overflowMode:Overflow;wordSpacing:-10;",
"Map/EightPuzzle/MagitechSTile (9) Past/Objects/ReflectionPool/Obelisk (2)/ObeliskSign/Canvas/Dialogue BG Font","","","enableWordWrapping:1;extraPadding:0;family:PixelUnicodeFill;fontSize:1;lineSpacing:-66;overflowMode:Overflow;wordSpacing:5.6;",
"Map/EightPuzzle/MagitechSTile (9) Past/Objects/ReflectionPool/Obelisk (3)/ObeliskSign/Canvas/Dialogue","","","enableWordWrapping:1;extraPadding:0;family:TinyUnicode SDF;fontSize:1;lineSpacing:-45;overflowMode:Overflow;wordSpacing:-10;",
"Map/EightPuzzle/MagitechSTile (9) Past/Objects/ReflectionPool/Obelisk (3)/ObeliskSign/Canvas/Dialogue BG Font","","","enableWordWrapping:1;extraPadding:0;family:PixelUnicodeFill;fontSize:1;lineSpacing:-66;overflowMode:Overflow;wordSpacing:5.6;",
"Map/EightPuzzle/MagitechSTile (9) Past/Objects/ReflectionPool/Pedestal/PedestalNPC/Canvas/Dialogue","","","enableWordWrapping:1;extraPadding:0;family:TinyUnicode SDF;fontSize:1;lineSpacing:-45;overflowMode:Overflow;wordSpacing:-10;",
"Map/EightPuzzle/MagitechSTile (9) Past/Objects/ReflectionPool/Pedestal/PedestalNPC/Canvas/Dialogue BG Font","","","enableWordWrapping:1;extraPadding:0;family:PixelUnicodeFill;fontSize:1;lineSpacing:-66;overflowMode:Overflow;wordSpacing:5.6;",
"Map/EightPuzzle/MagitechSTile (9)/All Tile Maps/House Tile Maps/Decorations/House1 bot right/Carly/Canvas/Dialogue","","","enableWordWrapping:1;extraPadding:0;family:TinyUnicode SDF;fontSize:1;lineSpacing:-45;overflowMode:Overflow;wordSpacing:-10;",
"Map/EightPuzzle/MagitechSTile (9)/All Tile Maps/House Tile Maps/Decorations/House1 bot right/Carly/Canvas/Dialogue BG Font","","","enableWordWrapping:1;extraPadding:0;family:PixelUnicodeFill;fontSize:1;lineSpacing:-66;overflowMode:Overflow;wordSpacing:5.6;",
"Map/EightPuzzle/MagitechSTile (9)/Objects/Barron/Canvas/Dialogue","","","enableWordWrapping:1;extraPadding:0;family:TinyUnicode SDF;fontSize:1;lineSpacing:-45;overflowMode:Overflow;wordSpacing:-10;",
"Map/EightPuzzle/MagitechSTile (9)/Objects/Barron/Canvas/Dialogue BG Font","","","enableWordWrapping:1;extraPadding:0;family:PixelUnicodeFill;fontSize:1;lineSpacing:-66;overflowMode:Overflow;wordSpacing:5.6;",
"Map/EightPuzzle/MagitechSTile (9)/Objects/Filler Scientist (2)/Canvas/Dialogue","","","enableWordWrapping:1;extraPadding:0;family:TinyUnicode SDF;fontSize:1;lineSpacing:-45;overflowMode:Overflow;wordSpacing:-10;",
"Map/EightPuzzle/MagitechSTile (9)/Objects/Filler Scientist (2)/Canvas/Dialogue BG Font","","","enableWordWrapping:1;extraPadding:0;family:PixelUnicodeFill;fontSize:1;lineSpacing:-66;overflowMode:Overflow;wordSpacing:5.6;",
"Map/EightPuzzle/MagitechSTile (9)/Objects/Flat Tire Guy/Canvas/Dialogue","","","enableWordWrapping:1;extraPadding:0;family:TinyUnicode SDF;fontSize:1;lineSpacing:-45;overflowMode:Overflow;wordSpacing:-10;",
"Map/EightPuzzle/MagitechSTile (9)/Objects/Flat Tire Guy/Canvas/Dialogue BG Font","","","enableWordWrapping:1;extraPadding:0;family:PixelUnicodeFill;fontSize:1;lineSpacing:-66;overflowMode:Overflow;wordSpacing:5.6;",
"Map/EightPuzzle/MagitechSTile (9)/Objects/On Duty Alien 4/Canvas/Dialogue","","","enableWordWrapping:1;extraPadding:0;family:TinyUnicode SDF;fontSize:1;lineSpacing:-45;overflowMode:Overflow;wordSpacing:-10;",
"Map/EightPuzzle/MagitechSTile (9)/Objects/On Duty Alien 4/Canvas/Dialogue BG Font","","","enableWordWrapping:1;extraPadding:0;family:PixelUnicodeFill;fontSize:1;lineSpacing:-66;overflowMode:Overflow;wordSpacing:5.6;",
"Map/World Grid/Airlock/Airlock Scientist/Canvas/Dialogue","","","enableWordWrapping:1;extraPadding:0;family:TinyUnicode SDF;fontSize:1;lineSpacing:-45;overflowMode:Overflow;wordSpacing:-10;",
"Map/World Grid/Airlock/Airlock Scientist/Canvas/Dialogue BG Font","","","enableWordWrapping:1;extraPadding:0;family:PixelUnicodeFill;fontSize:1;lineSpacing:-66;overflowMode:Overflow;wordSpacing:5.6;",
"Map/World Grid/BaseDecorations/Bottom/Left/TruckHorizontal/Drew/Canvas/Dialogue","","","enableWordWrapping:1;extraPadding:0;family:TinyUnicode SDF;fontSize:1;lineSpacing:-45;overflowMode:Overflow;wordSpacing:-10;",
"Map/World Grid/BaseDecorations/Bottom/Left/TruckHorizontal/Drew/Canvas/Dialogue BG Font","","","enableWordWrapping:1;extraPadding:0;family:PixelUnicodeFill;fontSize:1;lineSpacing:-66;overflowMode:Overflow;wordSpacing:5.6;",
"Map/World Grid/BaseDecorations/Desert/Outside/Camper/Canvas/Dialogue","","","enableWordWrapping:1;extraPadding:0;family:TinyUnicode SDF;fontSize:1;lineSpacing:-45;overflowMode:Overflow;wordSpacing:-10;",
"Map/World Grid/BaseDecorations/Desert/Outside/Camper/Canvas/Dialogue BG Font","","","enableWordWrapping:1;extraPadding:0;family:PixelUnicodeFill;fontSize:1;lineSpacing:-66;overflowMode:Overflow;wordSpacing:5.6;",
"Map/World Grid/BaseDecorations/Desert/T3/VIP Bro/Canvas/Dialogue","","","enableWordWrapping:1;extraPadding:0;family:TinyUnicode SDF;fontSize:1;lineSpacing:-45;overflowMode:Overflow;wordSpacing:-10;",
"Map/World Grid/BaseDecorations/Desert/T3/VIP Bro/Canvas/Dialogue BG Font","","","enableWordWrapping:1;extraPadding:0;family:PixelUnicodeFill;fontSize:1;lineSpacing:-66;overflowMode:Overflow;wordSpacing:5.6;",
"Map/World Grid/BaseObjects/Barry/Canvas/Dialogue","","","enableWordWrapping:1;extraPadding:0;family:TinyUnicode SDF;fontSize:1;lineSpacing:-45;overflowMode:Overflow;wordSpacing:-10;",
"Map/World Grid/BaseObjects/Barry/Canvas/Dialogue BG Font","","","enableWordWrapping:1;extraPadding:0;family:PixelUnicodeFill;fontSize:1;lineSpacing:-66;overflowMode:Overflow;wordSpacing:5.6;",
"Map/World Grid/BaseObjects/Gems Turn-In/Alchemist Muta/Canvas/Dialogue","","","enableWordWrapping:1;extraPadding:0;family:TinyUnicode SDF;fontSize:1;lineSpacing:-45;overflowMode:Overflow;wordSpacing:-10;",
"Map/World Grid/BaseObjects/Gems Turn-In/Alchemist Muta/Canvas/Dialogue BG Font","","","enableWordWrapping:1;extraPadding:0;family:PixelUnicodeFill;fontSize:1;lineSpacing:-66;overflowMode:Overflow;wordSpacing:5.6;",
"Map/World Grid/BaseObjects/Wagner/Canvas/Dialogue","","","enableWordWrapping:1;extraPadding:0;family:TinyUnicode SDF;fontSize:1;lineSpacing:-45;overflowMode:Overflow;wordSpacing:-10;",
"Map/World Grid/BaseObjects/Wagner/Canvas/Dialogue BG Font","","","enableWordWrapping:1;extraPadding:0;family:PixelUnicodeFill;fontSize:1;lineSpacing:-66;overflowMode:Overflow;wordSpacing:5.6;",
"Map/World Grid/Past South/Factory Copy Decorations/Explosive Man/Canvas/Dialogue","","","enableWordWrapping:1;extraPadding:0;family:TinyUnicode SDF;fontSize:1;lineSpacing:-45;overflowMode:Overflow;wordSpacing:-10;",
"Map/World Grid/Past South/Factory Copy Decorations/Explosive Man/Canvas/Dialogue BG Font","","","enableWordWrapping:1;extraPadding:0;family:PixelUnicodeFill;fontSize:1;lineSpacing:-66;overflowMode:Overflow;wordSpacing:5.6;",
"Map/World Grid/Past West/Archeologist/Canvas/Dialogue","","","enableWordWrapping:1;extraPadding:0;family:TinyUnicode SDF;fontSize:1;lineSpacing:-45;overflowMode:Overflow;wordSpacing:-10;",
"Map/World Grid/Past West/Archeologist/Canvas/Dialogue BG Font","","","enableWordWrapping:1;extraPadding:0;family:PixelUnicodeFill;fontSize:1;lineSpacing:-66;overflowMode:Overflow;wordSpacing:5.6;",
"Map/World Grid/Present South/Future South/Baboon/Canvas/Dialogue","","","enableWordWrapping:1;extraPadding:0;family:TinyUnicode SDF;fontSize:1;lineSpacing:-45;overflowMode:Overflow;wordSpacing:-10;",
"Map/World Grid/Present South/Future South/Baboon/Canvas/Dialogue BG Font","","","enableWordWrapping:1;extraPadding:0;family:PixelUnicodeFill;fontSize:1;lineSpacing:-66;overflowMode:Overflow;wordSpacing:5.6;",
"Map/World Grid/Present South/Future South/Burt the Craftsman/Canvas/Dialogue","","","enableWordWrapping:1;extraPadding:0;family:TinyUnicode SDF;fontSize:1;lineSpacing:-45;overflowMode:Overflow;wordSpacing:-10;",
"Map/World Grid/Present South/Future South/Burt the Craftsman/Canvas/Dialogue BG Font","","","enableWordWrapping:1;extraPadding:0;family:PixelUnicodeFill;fontSize:1;lineSpacing:-66;overflowMode:Overflow;wordSpacing:5.6;",
